map_name,scenario,threads,mapsize,pinning,n_samples,ops_per_sec_mean,ops_per_sec_std,ops_per_sec_se,ops_per_sec_ci95_low,ops_per_sec_ci95_high,latency_mean_ns,latency_std_ns,latency_ci95_low,latency_ci95_high,p50_latency_ns,p90_latency_ns,p95_latency_ns,p99_latency_ns,peak_rss_kb,bytes_per_entry
dashmap,balanced,16,10000000,compact,40,87213781.35,2137658.43,337993.47,86551314.14,87876248.56,247.77,8.15,245.24,250.30,222,386,477,726,281872,27.52
dashmap,balanced,16,10000000,spread,40,87243787.16,1781700.12,281711.52,86691632.58,87795941.75,252.25,44.99,238.31,266.20,222,385,474,722,282012,27.52
dashmap,balanced,16,1000000,compact,40,125526757.31,649000.57,102616.00,125325629.95,125727884.67,164.52,2.97,163.60,165.44,147,237,280,430,38224,28.06
dashmap,balanced,16,1000000,spread,40,117233983.00,7959586.79,1258521.17,114767281.50,119700684.50,163.26,3.11,162.30,164.22,146,235,274,422,38172,28.05
dashmap,balanced,16,100000,compact,40,143824494.27,1270879.58,200943.71,143430644.60,144218343.93,157.57,6.95,155.41,159.72,139,215,262,396,9832,50.44
dashmap,balanced,16,100000,spread,40,143319019.25,1826829.15,288847.05,142752879.03,143885159.47,156.86,8.52,154.22,159.50,138,216,258,387,9872,50.62
dashmap,balanced,1,10000000,compact,40,21163609.05,774607.18,122476.15,20923555.80,21403662.30,147.84,6.84,145.72,149.96,139,223,271,540,281896,27.50
dashmap,balanced,1,10000000,spread,40,21232712.67,78453.77,12404.63,21208399.59,21257025.75,146.77,5.94,144.92,148.61,139,222,246,538,281860,27.50
dashmap,balanced,1,1000000,compact,40,33375108.15,551006.14,87121.72,33204349.57,33545866.72,74.01,5.68,72.25,75.77,65,120,136,151,37960,27.89
dashmap,balanced,1,1000000,spread,40,33366149.62,302219.90,47785.16,33272490.70,33459808.54,72.35,2.60,71.55,73.16,65,118,136,152,38040,27.89
dashmap,balanced,1,100000,compact,40,52431103.10,880047.52,139147.73,52158373.55,52703832.65,52.64,3.21,51.64,53.64,50,66,71,80,9208,38.92
dashmap,balanced,1,100000,spread,40,52526973.19,850438.35,134466.11,52263419.62,52790526.76,52.08,2.33,51.36,52.81,50,66,71,79,9068,38.94
dashmap,balanced,2,10000000,compact,40,24351831.82,366355.87,57925.95,24238296.95,24465366.68,149.84,5.07,148.27,151.41,146,229,250,504,281864,27.50
dashmap,balanced,2,10000000,spread,40,24581989.74,154584.97,24442.03,24534083.36,24629896.12,150.49,5.61,148.75,152.23,146,229,251,506,281880,27.50
dashmap,balanced,2,1000000,compact,40,45038321.87,290072.69,45864.52,44948427.41,45128216.33,83.73,4.67,82.28,85.18,75,128,148,178,38256,27.90
dashmap,balanced,2,1000000,spread,40,44864257.81,320989.63,50752.92,44764782.09,44963733.53,82.94,1.53,82.46,83.41,75,128,148,178,38304,27.88
dashmap,balanced,2,100000,compact,40,66976731.74,246880.05,39035.16,66900222.82,67053240.66,62.91,4.58,61.49,64.32,60,75,80,94,9056,39.29
dashmap,balanced,2,100000,spread,40,66847740.41,282226.12,44623.87,66760277.63,66935203.19,65.18,7.30,62.91,67.44,60,75,80,95,9248,39.23
dashmap,balanced,4,10000000,compact,40,42313100.34,259572.29,41041.98,42232658.05,42393542.63,171.83,7.73,169.44,174.23,162,258,296,506,281988,27.51
dashmap,balanced,4,10000000,spread,40,42358394.92,269978.91,42687.41,42274727.58,42442062.25,170.00,6.56,167.97,172.04,161,258,292,502,281764,27.50
dashmap,balanced,4,1000000,compact,40,65928077.60,587222.32,92848.00,65746095.52,66110059.68,108.67,6.70,106.60,110.75,100,152,179,240,38136,27.89
dashmap,balanced,4,1000000,spread,40,65324499.22,3147306.36,497632.83,64349138.87,66299859.56,110.68,14.65,106.14,115.22,100,153,182,250,38168,27.92
dashmap,balanced,4,100000,compact,40,81554824.38,296687.80,46910.46,81462879.88,81646768.89,93.06,3.95,91.84,94.28,89,131,148,194,9176,39.22
dashmap,balanced,4,100000,spread,40,81279982.14,316581.93,50056.00,81181872.39,81378091.90,93.89,5.14,92.30,95.48,89,131,149,196,9196,39.26
dashmap,balanced,8,10000000,compact,40,71395709.13,1318771.71,208516.12,70987017.55,71804400.72,195.91,8.89,193.16,198.67,183,294,340,548,281912,27.51
dashmap,balanced,8,10000000,spread,40,70132637.16,337802.56,53411.27,70027951.06,70237323.26,196.44,11.75,192.80,200.08,182,295,340,573,281968,27.51
dashmap,balanced,8,1000000,compact,40,107537796.94,511999.33,80954.20,107379126.71,107696467.18,130.06,7.49,127.74,132.39,117,181,214,306,38088,27.98
dashmap,balanced,8,1000000,spread,40,104864597.18,1414638.65,223674.01,104426196.12,105302998.24,132.95,11.34,129.44,136.46,117,184,214,322,38052,27.96
dashmap,balanced,8,100000,compact,40,119774356.25,787157.83,124460.58,119530413.51,120018298.99,122.60,8.22,120.06,125.15,113,164,189,274,9012,39.54
dashmap,balanced,8,100000,spread,40,117989476.62,1086641.60,171813.12,117652722.89,118326230.34,125.51,10.55,122.25,128.78,114,166,192,280,9188,39.53
dashmap,insert_only,16,10000000,compact,40,41039504.29,1191737.27,188430.21,40670181.08,41408827.50,478.95,95.63,449.32,508.59,169,846,2004,3882,281876,288.64
dashmap,insert_only,16,10000000,spread,40,40710262.82,1107607.00,175128.04,40367011.85,41053513.78,483.16,128.25,443.42,522.91,171,826,1996,3742,281896,288.66
dashmap,insert_only,16,1000000,compact,40,121409480.44,1959671.09,309851.21,120802172.08,122016788.80,214.04,12.23,210.25,217.83,143,248,326,2543,38212,39.13
dashmap,insert_only,16,1000000,spread,40,121102664.45,1905233.95,301243.94,120512226.33,121693102.57,212.81,12.73,208.86,216.75,143,247,327,2496,38160,39.08
dashmap,insert_only,16,100000,compact,40,97572648.61,2373989.40,375360.68,96836941.67,98308355.55,220.40,71.13,198.36,242.45,142,238,290,489,49752,50.12
dashmap,insert_only,16,100000,spread,40,97823366.17,3035025.13,479879.61,96882802.13,98763930.20,215.21,76.83,191.40,239.02,142,238,286,491,49308,49.90
dashmap,insert_only,1,10000000,compact,40,12538920.40,114023.38,18028.68,12503584.19,12574256.61,149.45,4.84,147.95,150.95,70,174,861,1046,281832,288.39
dashmap,insert_only,1,10000000,spread,40,12297114.79,126356.44,19978.71,12257956.53,12336273.06,150.23,2.42,149.48,150.98,70,175,858,1054,281768,288.38
dashmap,insert_only,1,1000000,compact,40,47323376.70,339783.23,53724.45,47218076.78,47428676.61,60.77,1.16,60.41,61.13,54,63,66,138,38148,38.84
dashmap,insert_only,1,1000000,spread,40,47275945.84,184357.53,29149.49,47218812.85,47333078.83,62.77,10.22,59.60,65.94,54,63,66,138,38028,38.81
dashmap,insert_only,1,100000,compact,40,36280247.19,1579727.30,249776.82,35790684.63,36769809.75,38.28,1.10,37.94,38.62,36,50,54,77,41004,41.99
dashmap,insert_only,1,100000,spread,40,36330169.15,1308491.30,206890.64,35924663.50,36735674.80,38.38,1.21,38.01,38.76,35,50,53,70,41028,42.01
dashmap,insert_only,2,10000000,compact,40,14618222.63,204416.06,32321.02,14554873.43,14681571.82,183.39,8.12,180.87,185.90,73,212,1070,1372,281732,288.44
dashmap,insert_only,2,10000000,spread,40,14538848.65,223063.95,35269.51,14469720.42,14607976.89,190.64,44.28,176.92,204.36,72,206,1044,1378,281764,288.44
dashmap,insert_only,2,1000000,compact,40,56960273.59,440036.51,69575.88,56823904.87,57096642.32,74.69,4.44,73.31,76.06,61,74,79,164,38164,38.87
dashmap,insert_only,2,1000000,spread,40,56737789.70,587169.60,92839.66,56555823.95,56919755.44,74.27,4.47,72.89,75.66,61,73,78,167,38148,38.86
dashmap,insert_only,2,100000,compact,40,47963799.68,1742601.89,275529.55,47423761.76,48503837.60,82.06,41.66,69.15,94.97,45,62,68,120,42780,43.02
dashmap,insert_only,2,100000,spread,40,47709564.27,1546096.41,244459.31,47230424.03,48188704.51,81.53,31.72,71.70,91.36,46,65,71,123,42172,42.38
dashmap,insert_only,4,10000000,compact,40,24186675.71,374397.77,59197.48,24070648.64,24302702.78,247.31,27.63,238.75,255.87,133,274,1220,1756,281704,288.46
dashmap,insert_only,4,10000000,spread,40,24185747.53,279163.89,44139.69,24099233.74,24272261.32,234.57,10.52,231.31,237.83,133,270,1206,1674,281676,288.44
dashmap,insert_only,4,1000000,compact,40,71707251.52,5296134.39,837392.37,70065962.47,73348540.57,104.82,11.79,101.17,108.48,78,130,155,906,37992,38.90
dashmap,insert_only,4,1000000,spread,40,70849228.94,1121053.18,177254.07,70501810.96,71196646.92,108.13,4.46,106.75,109.51,86,135,157,590,38000,38.91
dashmap,insert_only,4,100000,compact,40,56204380.50,1467646.87,232055.35,55749552.03,56659208.98,113.78,44.76,99.90,127.65,75,128,148,209,43888,43.18
dashmap,insert_only,4,100000,spread,40,56601953.45,1654506.25,261600.41,56089216.65,57114690.25,117.35,50.24,101.77,132.92,74,127,148,218,44456,43.75
dashmap,insert_only,8,10000000,compact,40,35208899.29,868169.12,137269.59,34939850.89,35477947.69,303.42,42.28,290.32,316.52,136,408,1436,2622,281772,288.53
dashmap,insert_only,8,10000000,spread,40,35733347.65,465663.57,73627.87,35589037.01,35877658.28,311.71,38.01,299.94,323.49,140,428,1482,2626,281704,288.46
dashmap,insert_only,8,1000000,compact,40,97855869.88,1427764.34,225749.36,97413401.13,98298338.64,144.76,5.38,143.09,146.43,114,173,208,1324,38032,38.94
dashmap,insert_only,8,1000000,spread,40,97467201.73,1398226.77,221079.06,97033886.77,97900516.70,143.60,9.38,140.69,146.50,110,178,218,1391,38072,38.99
dashmap,insert_only,8,100000,compact,40,72762470.86,1859876.10,294072.23,72186089.29,73338852.44,170.09,60.90,151.21,188.96,109,175,209,324,47536,46.11
dashmap,insert_only,8,100000,spread,40,72704622.17,1597789.90,252632.77,72209461.95,73199782.39,176.22,66.67,155.56,196.88,109,174,208,332,46408,45.59
dashmap,random_keys,16,10000000,compact,40,43324413.65,1212729.00,191749.29,42948585.04,43700242.26,472.23,96.66,442.27,502.18,158,818,2108,3806,281964,288.73
dashmap,random_keys,16,10000000,spread,40,43307840.45,1201792.47,190020.07,42935401.11,43680279.80,487.26,123.27,449.06,525.47,159,804,2025,3686,281884,288.65
dashmap,random_keys,16,1000000,compact,40,130329925.49,2356355.47,372572.51,129599683.37,131060167.62,219.35,20.95,212.86,225.84,130,227,302,3362,38152,39.07
dashmap,random_keys,16,1000000,spread,40,130827384.01,2178200.07,344403.67,130152352.81,131502415.20,218.47,18.69,212.67,224.26,130,226,300,2914,38128,39.04
dashmap,random_keys,16,100000,compact,40,74869797.39,2023392.90,319926.51,74242741.43,75496853.35,253.83,80.24,228.96,278.70,134,216,264,484,49604,49.70
dashmap,random_keys,16,100000,spread,40,75195932.43,2146319.83,339362.96,74530781.03,75861083.84,255.11,83.43,229.26,280.97,135,218,269,464,48546,49.39
dashmap,random_keys,1,10000000,compact,40,12119901.18,339893.30,53741.85,12014567.16,12225235.21,160.89,16.10,155.90,165.88,79,174,863,1056,281796,288.40
dashmap,random_keys,1,10000000,spread,40,12630541.78,202824.19,32069.32,12567685.91,12693397.64,152.58,6.00,150.72,154.44,77,170,840,1044,282032,288.41
dashmap,random_keys,1,1000000,compact,40,42246315.48,3898381.90,616388.30,41038194.41,43454436.55,64.88,6.02,63.02,66.75,52,60,67,170,37980,38.83
dashmap,random_keys,1,1000000,spread,40,45459796.10,283421.74,44812.91,45371962.79,45547629.40,66.08,4.49,64.69,67.48,54,64,69,184,38156,38.85
dashmap,random_keys,1,100000,compact,40,36638554.02,1650464.08,260961.28,36127069.90,37150038.13,55.70,20.99,49.20,62.21,39,54,61,120,41912,42.11
dashmap,random_keys,1,100000,spread,40,35776859.51,2195465.31,347133.54,35096477.76,36457241.26,55.57,20.82,49.12,62.02,39,54,60,119,41948,42.08
dashmap,random_keys,2,10000000,compact,40,15896433.23,115763.40,18303.80,15860557.78,15932308.68,190.92,16.53,185.79,196.04,116,200,1087,1403,281768,288.43
dashmap,random_keys,2,10000000,spread,40,15890295.20,141422.63,22360.88,15846467.88,15934122.53,193.21,12.31,189.39,197.02,112,204,1104,1409,281688,288.40
dashmap,random_keys,2,1000000,compact,40,56096509.79,402166.28,63588.07,55971877.17,56221142.41,80.22,10.84,76.86,83.58,59,70,78,192,38088,38.90
dashmap,random_keys,2,1000000,spread,40,56078814.37,536302.19,84796.82,55912612.60,56245016.14,78.87,4.83,77.37,80.36,59,70,78,215,38004,38.87
dashmap,random_keys,2,100000,compact,40,42902656.63,1981750.45,313342.26,42288505.80,43516807.46,80.54,41.65,67.63,93.45,48,66,77,140,43424,42.84
dashmap,random_keys,2,100000,spread,40,42626102.10,1919289.88,303466.38,42031308.01,43220896.20,70.92,19.48,64.88,76.96,48,66,76,139,42224,42.97
dashmap,random_keys,4,10000000,compact,40,25505446.43,324087.20,51242.69,25405010.77,25605882.10,240.65,16.79,235.44,245.85,132,277,1243,1697,281716,288.45
dashmap,random_keys,4,10000000,spread,40,25611364.60,346644.36,54809.29,25503938.40,25718790.80,244.29,30.14,234.94,253.63,129,261,1228,1722,281688,288.45
dashmap,random_keys,4,1000000,compact,40,71339115.56,757881.43,119831.58,71104245.68,71573985.45,114.47,6.59,112.43,116.52,91,133,156,461,37988,38.90
dashmap,random_keys,4,1000000,spread,40,70983691.77,554683.74,87703.20,70811793.50,71155590.05,113.73,4.73,112.26,115.19,91,134,156,421,37980,38.88
dashmap,random_keys,4,100000,compact,40,47893648.44,1682675.81,266054.41,47372181.80,48415115.07,121.97,29.86,112.71,131.22,87,137,153,228,44296,44.02
dashmap,random_keys,4,100000,spread,40,47458829.16,1607781.43,254212.56,46960572.53,47957085.78,134.43,33.14,124.16,144.70,89,138,156,232,43760,43.84
dashmap,random_keys,8,10000000,compact,40,37283843.75,517612.86,81841.78,37123433.86,37444253.64,312.77,25.65,304.82,320.72,142,460,1532,2564,281772,288.53
dashmap,random_keys,8,10000000,spread,40,36925869.56,398127.43,62949.47,36802488.59,37049250.53,318.29,40.98,305.59,330.99,141,442,1538,2592,281756,288.52
dashmap,random_keys,8,1000000,compact,40,101095756.12,1137497.11,179854.09,100743242.11,101448270.13,154.09,6.58,152.05,156.13,117,174,217,1669,38024,38.94
dashmap,random_keys,8,1000000,spread,40,100371261.10,842120.63,133150.96,100110285.21,100632236.98,153.82,10.16,150.67,156.97,117,174,218,1600,38012,38.92
dashmap,random_keys,8,100000,compact,40,63879413.56,1622435.83,256529.63,63376615.49,64382211.64,198.93,83.30,173.12,224.75,118,171,208,412,46096,45.14
dashmap,random_keys,8,100000,spread,40,61963709.10,1439079.42,227538.43,61517733.77,62409684.43,207.70,65.49,187.40,227.99,120,175,210,412,45276,45.52
dashmap,read_majority_95,16,10000000,compact,40,108275664.69,371482.44,58736.53,108160541.09,108390788.29,266.28,3.09,265.32,267.24,243,370,445,668,281888,28.87
dashmap,read_majority_95,16,10000000,spread,40,107583283.97,1454121.06,229916.73,107132647.18,108033920.75,265.72,4.34,264.37,267.06,243,368,440,672,281876,28.86
dashmap,read_majority_95,16,1000000,compact,40,170636447.33,618403.79,97778.23,170444802.01,170828092.65,145.87,3.48,144.79,146.94,131,215,254,364,38140,39.06
dashmap,read_majority_95,16,1000000,spread,40,170761012.84,528522.02,83566.67,170597222.17,170924803.51,145.55,3.12,144.58,146.51,130,216,254,368,38180,39.08
dashmap,read_majority_95,16,100000,compact,40,219211502.51,1017072.46,160813.28,218896308.49,219526696.53,120.76,2.24,120.07,121.46,107,186,226,343,5520,56.52
dashmap,read_majority_95,16,100000,spread,40,219763703.32,479339.65,75790.25,219615154.42,219912252.21,120.62,2.17,119.94,121.29,106,186,225,350,5520,56.52
dashmap,read_majority_95,1,10000000,compact,40,19976622.45,67467.92,10667.62,19955713.93,19997530.98,179.92,4.02,178.67,181.16,147,224,426,557,281772,28.84
dashmap,read_majority_95,1,10000000,spread,40,19829310.67,88426.17,13981.41,19801907.11,19856714.22,179.02,4.47,177.63,180.40,146,223,400,554,281768,28.84
dashmap,read_majority_95,1,1000000,compact,40,43793974.57,551147.35,87144.05,43623172.24,43964776.90,63.83,1.39,63.40,64.26,59,75,124,140,38204,38.83
dashmap,read_majority_95,1,1000000,spread,40,43738267.20,387609.05,61286.37,43618145.91,43858388.49,64.51,4.27,63.19,65.84,59,75,123,140,38304,38.83
dashmap,read_majority_95,1,100000,compact,40,79266011.04,857952.52,135654.20,79000128.80,79531893.28,38.37,0.82,38.12,38.62,35,47,50,67,5304,54.31
dashmap,read_majority_95,1,100000,spread,40,79524962.60,220569.22,34875.06,79456607.49,79593317.70,38.63,1.16,38.27,38.99,36,48,50,67,5280,54.07
dashmap,read_majority_95,2,10000000,compact,40,21542843.22,72115.42,11402.45,21520494.42,21565192.01,180.09,4.96,178.56,181.63,152,228,260,536,282012,28.84
dashmap,read_majority_95,2,10000000,spread,40,21497973.68,168185.02,26592.39,21445852.60,21550094.76,180.64,6.51,178.62,182.66,152,228,266,542,281812,28.84
dashmap,read_majority_95,2,1000000,compact,40,54001400.34,452761.75,71587.92,53861088.02,54141712.66,73.36,5.85,71.54,75.17,66,86,133,154,38128,38.83
dashmap,read_majority_95,2,1000000,spread,40,54051219.72,635682.74,100510.27,53854219.60,54248219.84,72.71,4.15,71.43,74.00,66,84,132,152,38152,38.86
dashmap,read_majority_95,2,100000,compact,40,93390741.68,111580.45,17642.42,93356162.54,93425320.82,45.32,0.53,45.15,45.48,44,55,59,74,5328,54.56
dashmap,read_majority_95,2,100000,spread,40,93313536.91,338158.50,53467.55,93208740.51,93418333.32,45.63,1.47,45.18,46.09,44,55,59,73,5296,54.23
dashmap,read_majority_95,4,10000000,compact,40,38358684.32,251566.17,39776.10,38280723.16,38436645.48,201.63,6.66,199.57,203.69,179,264,305,560,281880,28.85
dashmap,read_majority_95,4,10000000,spread,40,38326542.38,333553.12,52739.38,38223173.20,38429911.56,201.57,7.97,199.10,204.04,180,264,306,552,281836,28.84
dashmap,read_majority_95,4,1000000,compact,40,79749049.98,716356.07,113265.84,79527048.94,79971051.03,95.35,8.07,92.85,97.85,89,130,154,210,38144,38.88
dashmap,read_majority_95,4,1000000,spread,40,79639968.58,722169.16,114184.97,79416166.04,79863771.12,93.38,4.11,92.11,94.66,88,130,156,210,38328,38.90
dashmap,read_majority_95,4,100000,compact,40,103205095.17,774472.30,122454.82,102965083.72,103445106.62,74.18,2.38,73.44,74.92,73,110,122,160,5348,54.76
dashmap,read_majority_95,4,100000,spread,40,102822744.33,338012.97,53444.54,102717993.02,102927495.63,74.04,1.13,73.69,74.40,74,110,123,160,5324,54.52
dashmap,read_majority_95,8,10000000,compact,40,68161313.14,743752.64,117597.62,67930821.81,68391804.47,223.09,11.81,219.43,226.75,197,295,328,553,282024,28.85
dashmap,read_majority_95,8,10000000,spread,40,68444781.57,343484.22,54309.62,68338334.71,68551228.43,221.71,10.82,218.36,225.07,197,293,331,550,282012,28.85
dashmap,read_majority_95,8,1000000,compact,40,130819154.46,2102118.43,332374.11,130167701.21,131470607.71,111.60,6.92,109.45,113.74,101,156,179,245,38284,38.91
dashmap,read_majority_95,8,1000000,spread,40,131113975.23,1381794.76,218480.94,130685752.60,131542197.86,111.57,6.91,109.43,113.72,101,156,182,258,38204,38.91
dashmap,read_majority_95,8,100000,compact,40,156663562.68,1460282.04,230890.86,156211016.59,157116108.77,95.10,2.47,94.34,95.87,87,138,160,239,5420,55.50
dashmap,read_majority_95,8,100000,spread,40,156238693.06,248282.59,39256.92,156161749.49,156315636.64,94.47,1.49,94.01,94.93,87,139,162,236,5400,55.30
dashmap,read_majority_99,16,10000000,compact,40,111110104.38,454734.43,71899.83,110969180.72,111251028.04,264.09,4.24,262.78,265.41,243,365,427,656,281948,28.87
dashmap,read_majority_99,16,10000000,spread,40,111037038.88,525459.09,83082.38,110874197.42,111199880.34,265.50,3.73,264.35,266.66,243,367,429,660,281864,28.86
dashmap,read_majority_99,16,1000000,compact,40,173045367.66,490608.55,77572.02,172893326.50,173197408.83,145.13,3.24,144.12,146.13,130,214,250,358,38160,39.08
dashmap,read_majority_99,16,1000000,spread,40,173186057.16,532176.23,84144.45,173021134.04,173350980.28,144.55,2.61,143.74,145.36,129,216,252,361,38148,39.06
dashmap,read_majority_99,16,100000,compact,40,223270847.29,432708.99,68417.30,223136749.38,223404945.20,119.32,2.02,118.69,119.95,105,183,221,345,5524,56.57
dashmap,read_majority_99,16,100000,spread,40,226388887.65,574147.82,90780.74,226210957.40,226566817.91,116.99,2.16,116.33,117.66,103,182,218,337,5560,56.93
dashmap,read_majority_99,1,10000000,compact,40,20043753.11,59046.99,9336.15,20025454.25,20062051.96,180.48,7.19,178.25,182.71,146,223,424,560,281764,28.84
dashmap,read_majority_99,1,10000000,spread,40,20020711.02,66536.68,10520.37,20000091.09,20041330.95,178.28,3.17,177.30,179.26,146,222,381,558,281764,28.84
dashmap,read_majority_99,1,1000000,compact,40,44701310.52,712079.40,112589.64,44480634.83,44921986.22,62.89,1.41,62.45,63.32,59,72,121,139,37948,38.86
dashmap,read_majority_99,1,1000000,spread,40,44605144.30,362836.87,57369.55,44492699.99,44717588.61,63.00,1.73,62.46,63.53,59,72,122,139,38272,38.87
dashmap,read_majority_99,1,100000,compact,40,81658521.94,1189696.09,188107.47,81289831.30,82027212.57,37.99,1.53,37.52,38.46,35,47,49,60,5272,53.99
dashmap,read_majority_99,1,100000,spread,40,82017521.61,298830.57,47249.26,81924913.06,82110130.17,37.79,0.47,37.64,37.93,35,47,48,61,5324,54.52
dashmap,read_majority_99,2,10000000,compact,40,21272128.43,825611.00,130540.56,21016268.93,21527987.93,181.37,13.42,177.21,185.53,151,228,260,538,281824,28.84
dashmap,read_majority_99,2,10000000,spread,40,21365803.43,85780.75,13563.13,21339219.70,21392387.16,179.11,2.73,178.27,179.96,151,228,264,532,282036,28.84
dashmap,read_majority_99,2,1000000,compact,40,54862376.90,484174.26,76554.67,54712329.74,55012424.05,71.00,1.28,70.60,71.40,66,82,132,152,38136,38.85
dashmap,read_majority_99,2,1000000,spread,40,54425287.95,409577.02,64759.81,54298358.71,54552217.18,71.60,2.54,70.82,72.39,66,82,133,151,38304,38.86
dashmap,read_majority_99,2,100000,compact,40,95444648.73,340481.24,53834.81,95339132.50,95550164.96,44.47,0.43,44.33,44.60,43,54,56,70,5304,54.31
dashmap,read_majority_99,2,100000,spread,40,95551407.04,213075.74,33690.23,95485374.18,95617439.89,44.60,1.11,44.26,44.95,43,54,56,70,5294,54.21
dashmap,read_majority_99,4,10000000,compact,40,38137740.78,426310.88,67405.67,38005625.67,38269855.89,202.02,8.16,199.49,204.54,180,263,306,558,282004,28.85
dashmap,read_majority_99,4,10000000,spread,40,38389304.60,178239.40,28182.12,38334067.64,38444541.56,201.86,7.95,199.39,204.32,180,264,303,556,281904,28.84
dashmap,read_majority_99,4,1000000,compact,40,79901437.86,859478.45,135895.48,79635082.72,80167792.99,94.16,6.33,92.20,96.12,88,130,156,204,38140,38.87
dashmap,read_majority_99,4,1000000,spread,40,80579226.16,808151.86,127780.03,80328777.31,80829675.02,94.14,7.31,91.87,96.40,88,129,154,204,38272,38.92
dashmap,read_majority_99,4,100000,compact,40,106964139.84,470546.68,74399.96,106818315.91,107109963.77,71.75,1.29,71.35,72.15,72,107,117,156,5340,54.68
dashmap,read_majority_99,4,100000,spread,40,107307097.98,302599.56,47845.19,107213321.40,107400874.55,71.92,1.87,71.34,72.50,72,107,118,157,5340,54.68
dashmap,read_majority_99,8,10000000,compact,40,68632111.62,819639.21,129596.34,68378102.79,68886120.44,221.94,14.50,217.44,226.43,196,290,324,550,281872,28.85
dashmap,read_majority_99,8,10000000,spread,40,68634910.16,248295.45,39258.96,68557962.60,68711857.71,223.27,12.44,219.41,227.12,197,292,325,550,282000,28.85
dashmap,read_majority_99,8,1000000,compact,40,131991935.60,1582134.98,250157.51,131501626.89,132482244.31,110.55,5.85,108.74,112.36,100,154,178,242,38312,38.94
dashmap,read_majority_99,8,1000000,spread,40,132223561.82,1044915.87,165215.71,131899739.04,132547384.60,109.95,4.35,108.60,111.30,101,156,178,240,38252,38.95
dashmap,read_majority_99,8,100000,compact,40,163204981.48,1140532.95,180334.09,162851526.66,163558436.31,91.21,1.24,90.82,91.59,85,135,158,228,5388,55.17
dashmap,read_majority_99,8,100000,spread,40,163023880.56,294949.03,46635.54,162932474.91,163115286.21,91.72,2.60,90.91,92.53,85,136,157,222,5420,55.50
dashmap,read_only,16,10000000,compact,40,124559808.45,1242382.54,196437.93,124174790.11,124944826.79,264.04,4.02,262.80,265.29,242,376,451,685,281888,28.87
dashmap,read_only,16,10000000,spread,40,124102368.42,4499941.88,711503.28,122707821.98,125496914.85,267.99,8.03,265.50,270.47,242,378,459,692,282008,28.86
dashmap,read_only,16,1000000,compact,40,177206508.69,3540230.60,559759.61,176109379.86,178303637.52,145.23,2.83,144.35,146.10,129,220,254,368,38280,39.05
dashmap,read_only,16,1000000,spread,40,178118359.67,448102.48,70851.22,177979491.27,178257228.07,144.73,2.50,143.95,145.50,128,218,254,370,38180,39.10
dashmap,read_only,16,100000,compact,40,230412739.71,420795.43,66533.60,230282333.86,230543145.57,116.16,2.97,115.24,117.08,100,185,224,360,5544,56.77
dashmap,read_only,16,100000,spread,40,229732700.72,553544.84,87523.12,229561155.40,229904246.05,116.22,2.90,115.32,117.11,101,184,227,360,5508,56.40
dashmap,read_only,1,10000000,compact,40,23470239.28,145658.58,23030.64,23425099.22,23515379.35,184.87,6.40,182.88,186.85,147,224,458,568,281916,28.84
dashmap,read_only,1,10000000,spread,40,23460625.94,190397.21,30104.44,23401621.23,23519630.64,186.55,7.22,184.31,188.79,147,226,465,568,281872,28.84
dashmap,read_only,1,1000000,compact,40,49154433.15,791296.85,125115.02,48909207.72,49399658.58,62.78,1.42,62.34,63.22,59,71,118,139,38144,38.83
dashmap,read_only,1,1000000,spread,40,47394618.40,237218.30,37507.51,47321103.69,47468133.11,63.71,1.31,63.31,64.12,59,72,126,141,38308,38.84
dashmap,read_only,1,100000,compact,40,87281579.89,1431476.26,226336.27,86837960.80,87725198.98,37.68,0.94,37.38,37.97,34,46,48,60,5308,54.35
dashmap,read_only,1,100000,spread,40,87737180.22,121151.43,19155.72,87699635.00,87774725.44,37.43,0.93,37.14,37.72,34,46,48,58,5316,54.44
dashmap,read_only,2,10000000,compact,40,24662992.39,86059.12,13607.14,24636322.39,24689662.39,180.90,5.13,179.31,182.49,152,229,264,552,281860,28.84
dashmap,read_only,2,10000000,spread,40,24666773.25,78825.55,12463.41,24642344.96,24691201.54,180.45,5.45,178.76,182.13,152,229,266,534,281964,28.85
dashmap,read_only,2,1000000,compact,40,61427618.02,1548870.59,244897.94,60947618.05,61907617.98,72.13,4.20,70.83,73.43,66,81,132,150,38064,38.90
dashmap,read_only,2,1000000,spread,40,61240661.54,851872.09,134692.80,60976663.64,61504659.43,71.89,3.95,70.66,73.11,66,82,132,152,38140,38.84
dashmap,read_only,2,100000,compact,40,98557800.55,148618.93,23498.72,98511743.06,98603858.03,43.70,0.25,43.62,43.78,42,52,55,66,5336,54.64
dashmap,read_only,2,100000,spread,40,85658483.04,16198493.29,2561206.67,80638517.96,90678448.11,43.62,0.53,43.46,43.78,42,53,56,66,5312,54.39
dashmap,read_only,4,10000000,compact,40,44473604.98,239494.78,37867.45,44399384.78,44547825.19,202.94,8.76,200.22,205.65,180,266,302,554,281828,28.84
dashmap,read_only,4,10000000,spread,40,44409830.13,254562.69,40249.90,44330940.34,44488719.93,201.98,9.77,198.95,205.00,180,266,303,550,281908,28.84
dashmap,read_only,4,1000000,compact,40,87567874.47,471837.35,74604.04,87421650.56,87714098.38,94.51,2.31,93.79,95.22,90,134,159,205,38208,38.92
dashmap,read_only,4,1000000,spread,40,89417570.70,708611.78,112041.36,89197969.64,89637171.77,95.10,7.89,92.65,97.54,88,131,154,204,38168,38.90
dashmap,read_only,4,100000,compact,40,117522799.01,573107.33,90616.22,117345191.21,117700406.81,71.93,2.02,71.30,72.55,73,106,118,158,5316,54.44
dashmap,read_only,4,100000,spread,40,117670438.47,201830.37,31912.18,117607890.60,117732986.35,71.41,1.25,71.03,71.80,72,106,119,156,5352,54.80
dashmap,read_only,8,10000000,compact,40,78056823.45,1019702.65,161229.15,77740814.32,78372832.57,224.16,13.40,220.01,228.32,201,298,332,552,281832,28.85
dashmap,read_only,8,10000000,spread,40,78381792.96,491048.03,77641.51,78229615.60,78533970.32,226.90,13.14,222.83,230.97,201,297,332,566,281832,28.85
dashmap,read_only,8,1000000,compact,40,142556445.41,1400758.94,221479.43,142122345.72,142990545.11,111.77,5.69,110.00,113.53,101,158,182,256,38144,38.92
dashmap,read_only,8,1000000,spread,40,142430328.15,2159405.95,341432.06,141761121.31,143099534.99,113.28,6.65,111.22,115.34,102,159,182,249,38028,38.90
dashmap,read_only,8,100000,compact,40,172753399.18,1532891.00,242371.35,172278351.33,173228447.02,91.84,1.72,91.31,92.38,85,136,159,228,5376,55.05
dashmap,read_only,8,100000,spread,40,172080250.29,269740.05,42649.65,171996656.98,172163843.59,92.73,1.70,92.20,93.26,85,137,162,240,5380,55.09
dashmap,resize_stress,16,10000000,compact,40,98627263.46,2962551.73,468420.56,97709159.17,99545367.76,212.84,62.93,193.34,232.34,142,230,280,478,47612,48.00
dashmap,resize_stress,16,10000000,spread,40,98786113.80,2745139.80,434044.71,97935386.16,99636841.44,202.36,53.88,185.66,219.06,143,230,282,496,48436,48.28
dashmap,resize_stress,16,1000000,compact,40,96442173.66,2513179.67,397368.60,95663331.21,97221016.11,216.11,72.60,193.61,238.61,142,236,290,512,47404,47.84
dashmap,resize_stress,16,1000000,spread,40,99302581.37,2581391.31,408153.80,98502599.92,100102562.82,230.64,74.44,207.57,253.71,143,230,280,496,49452,49.08
dashmap,resize_stress,16,100000,compact,40,95966733.63,2597038.87,410627.90,95161902.95,96771564.31,232.79,82.42,207.25,258.33,142,235,286,498,47066,48.02
dashmap,resize_stress,16,100000,spread,40,96426001.27,2751028.91,434975.86,95573448.58,97278553.97,210.49,64.87,190.39,230.60,143,238,290,516,47144,47.88
dashmap,resize_stress,1,10000000,compact,40,35949934.70,1480681.43,234116.29,35491066.77,36408802.63,39.02,3.95,37.80,40.25,35,50,54,68,41464,42.46
dashmap,resize_stress,1,10000000,spread,40,36101032.64,1347363.54,213036.88,35683480.35,36518584.92,38.22,1.11,37.88,38.57,35,50,53,65,41464,42.46
dashmap,resize_stress,1,1000000,compact,40,36213067.86,1521808.81,240619.10,35741454.42,36684681.29,38.34,1.50,37.87,38.80,35,50,53,69,41432,42.43
dashmap,resize_stress,1,1000000,spread,40,36121063.30,1381880.42,218494.48,35692814.13,36549312.48,38.10,0.92,37.81,38.39,35,50,53,72,41420,42.41
dashmap,resize_stress,1,100000,compact,40,36026025.40,1531908.40,242215.99,35551282.07,36500768.73,38.72,1.96,38.12,39.33,35,50,54,70,41448,42.44
dashmap,resize_stress,1,100000,spread,40,36026230.71,1443048.00,228165.92,35579025.51,36473435.92,38.79,4.25,37.47,40.10,35,50,54,70,41432,42.43
dashmap,resize_stress,2,10000000,compact,40,47821449.63,1836111.42,290314.71,47252432.81,48390466.46,71.82,33.47,61.45,82.19,45,61,66,122,41832,42.59
dashmap,resize_stress,2,10000000,spread,40,47559977.42,1916363.67,303003.70,46966090.17,48153864.67,66.00,31.88,56.12,75.88,45,61,67,116,42104,42.33
dashmap,resize_stress,2,1000000,compact,40,46976676.37,1718106.08,271656.42,46444229.78,47509122.96,82.99,61.82,63.83,102.15,46,63,70,116,41690,42.39
dashmap,resize_stress,2,1000000,spread,40,47059456.93,2895621.97,457838.03,46162094.38,47956819.47,75.09,42.49,61.92,88.25,45,62,67,121,41980,42.28
dashmap,resize_stress,2,100000,compact,40,47229071.67,1944151.07,307397.28,46626573.02,47831570.33,78.78,42.09,65.73,91.82,45,62,66,108,42088,42.55
dashmap,resize_stress,2,100000,spread,40,47083787.06,1956662.05,309375.44,46477411.21,47690162.92,74.83,38.52,62.89,86.76,45,62,68,117,41900,42.59
dashmap,resize_stress,4,10000000,compact,40,56038070.88,1576530.86,249271.42,55549498.90,56526642.85,112.89,44.73,99.03,126.75,74,128,148,212,45284,44.28
dashmap,resize_stress,4,10000000,spread,40,55428064.60,1568596.34,248016.86,54941951.55,55914177.64,116.92,58.93,98.65,135.18,75,128,149,212,44648,44.23
dashmap,resize_stress,4,1000000,compact,40,56000315.62,1399152.21,221225.39,55566713.85,56433917.38,109.92,40.65,97.32,122.51,73,127,147,210,43188,43.25
dashmap,resize_stress,4,1000000,spread,40,55301461.13,1428846.26,225920.43,54858657.09,55744265.18,128.49,58.01,110.51,146.47,75,130,148,212,44756,43.95
dashmap,resize_stress,4,100000,compact,40,55655281.51,1343520.70,212429.28,55238920.14,56071642.89,119.99,73.59,97.18,142.80,79,129,146,194,45320,44.37
dashmap,resize_stress,4,100000,spread,40,54932319.18,1396329.85,220779.13,54499592.08,55365046.29,111.85,38.02,100.07,123.63,79,130,149,204,43796,43.87
dashmap,resize_stress,8,10000000,compact,40,73651865.60,1829339.96,289244.04,73084947.27,74218783.93,198.17,85.79,171.58,224.75,112,171,199,298,47202,46.56
dashmap,resize_stress,8,10000000,spread,40,71276698.81,1749447.20,276611.89,70734539.51,71818858.12,180.83,87.17,153.81,207.84,110,176,207,310,47524,47.12
dashmap,resize_stress,8,1000000,compact,40,56885020.30,1809379.68,286088.05,56324287.73,57445752.88,160.46,51.87,144.39,176.54,106,176,212,344,48512,46.70
dashmap,resize_stress,8,1000000,spread,40,71430029.64,2001610.72,316482.44,70809724.05,72050335.23,162.28,54.69,145.33,179.23,110,175,204,305,47088,45.80
dashmap,resize_stress,8,100000,compact,40,71657740.52,1422670.90,224944.02,71216850.23,72098630.80,189.20,79.35,164.61,213.79,109,175,206,306,46632,46.36
dashmap,resize_stress,8,100000,spread,40,71552712.49,1768991.64,279702.14,71004496.30,72100928.68,172.41,53.97,155.68,189.13,110,174,205,311,48172,45.98
dashmap,sequential_keys,16,10000000,compact,40,41111359.14,1044512.27,165151.89,40787661.44,41435056.85,489.10,82.57,463.51,514.69,172,868,1992,3906,281872,288.64
dashmap,sequential_keys,16,10000000,spread,40,41154306.76,1027712.39,162495.60,40835815.39,41472798.13,457.01,64.84,436.92,477.11,171,850,2007,3769,281864,288.63
dashmap,sequential_keys,16,1000000,compact,40,120910325.87,2209157.43,349298.46,120225700.89,121594950.85,214.19,16.51,209.08,219.31,143,247,327,2415,38196,39.11
dashmap,sequential_keys,16,1000000,spread,40,124581241.12,2596503.46,410543.24,123776576.36,125385905.88,212.14,14.82,207.55,216.73,144,242,314,2481,38172,39.09
dashmap,sequential_keys,16,100000,compact,40,97131754.59,2388800.71,377702.56,96391457.58,97872051.60,209.26,61.45,190.22,228.30,142,238,290,498,49254,50.29
dashmap,sequential_keys,16,100000,spread,40,96818501.56,2386810.56,377387.88,96078821.31,97558181.82,196.53,64.80,176.45,216.62,142,237,289,497,48826,49.69
dashmap,sequential_keys,1,10000000,compact,40,12590742.12,102663.36,16232.50,12558926.41,12622557.82,152.97,16.11,147.97,157.96,69,175,855,1056,281868,288.40
dashmap,sequential_keys,1,10000000,spread,40,12542068.27,165556.85,26176.84,12490761.67,12593374.87,152.94,16.92,147.70,158.19,69,172,842,1055,281820,288.42
dashmap,sequential_keys,1,1000000,compact,40,47512984.62,533697.75,84385.02,47347589.98,47678379.27,58.79,3.12,57.83,59.76,51,59,62,132,38156,38.85
dashmap,sequential_keys,1,1000000,spread,40,47554692.33,283763.42,44866.94,47466753.13,47642631.52,57.90,1.55,57.42,58.38,51,59,62,133,38104,38.87
dashmap,sequential_keys,1,100000,compact,40,35928168.53,1447415.89,228856.55,35479609.69,36376727.36,38.39,1.41,37.96,38.83,35,50,54,74,41040,42.02
dashmap,sequential_keys,1,100000,spread,40,36068668.87,1303640.18,206123.61,35664666.59,36472671.14,38.36,1.27,37.97,38.75,35,50,53,69,41028,42.01
dashmap,sequential_keys,2,10000000,compact,40,14796979.32,159998.29,25297.95,14747395.34,14846563.31,185.09,26.47,176.89,193.30,72,205,1047,1368,281732,288.44
dashmap,sequential_keys,2,10000000,spread,40,14757162.54,180948.68,28610.50,14701085.97,14813239.12,189.62,29.60,180.45,198.79,72,214,1062,1370,281876,288.43
dashmap,sequential_keys,2,1000000,compact,40,56954146.92,599843.73,94843.62,56768253.43,57140040.42,73.36,2.83,72.49,74.24,60,73,77,166,37932,38.84
dashmap,sequential_keys,2,1000000,spread,40,56130242.88,3738792.12,591154.94,54971579.19,57288906.56,76.25,10.08,73.12,79.37,60,73,78,169,38160,38.87
dashmap,sequential_keys,2,100000,compact,40,47395413.02,1777472.58,281043.09,46844568.56,47946257.48,73.75,37.02,62.27,85.22,45,61,67,120,41804,42.41
dashmap,sequential_keys,2,100000,spread,40,47634972.39,1688529.98,266980.03,47111691.53,48158253.25,79.11,32.83,68.93,89.28,45,64,69,122,41928,42.52
dashmap,sequential_keys,4,10000000,compact,40,24328683.69,354159.90,55997.60,24218928.40,24438438.98,236.01,19.84,229.86,242.16,131,274,1190,1708,281700,288.44
dashmap,sequential_keys,4,10000000,spread,40,24456942.33,317284.79,50167.13,24358614.76,24555269.91,241.97,28.42,233.16,250.78,134,272,1214,1684,281668,288.43
dashmap,sequential_keys,4,1000000,compact,40,73708236.03,1967320.85,311060.74,73098556.98,74317915.08,102.33,5.42,100.65,104.01,75,130,154,497,37996,38.89
dashmap,sequential_keys,4,1000000,spread,40,70865159.91,936099.75,148010.37,70575059.59,71155260.23,108.42,5.38,106.76,110.09,86,135,156,506,37992,38.89
dashmap,sequential_keys,4,100000,compact,40,56017920.57,1578266.76,249545.89,55528810.63,56507030.51,108.42,31.95,98.52,118.33,76,128,150,213,43504,43.37
dashmap,sequential_keys,4,100000,spread,40,56207235.71,1642508.69,259703.43,55698216.99,56716254.43,113.29,47.58,98.54,128.03,75,128,148,208,44608,44.39
dashmap,sequential_keys,8,10000000,compact,40,35641828.21,848609.74,134176.98,35378841.33,35904815.09,317.04,47.53,302.31,331.77,139,410,1393,2574,281756,288.52
dashmap,sequential_keys,8,10000000,spread,40,35604270.08,494012.47,78110.23,35451174.02,35757366.13,301.38,18.21,295.73,307.02,137,420,1448,2568,281760,288.52
dashmap,sequential_keys,8,1000000,compact,40,97850079.69,2667601.41,421784.82,97023381.45,98676777.93,145.32,8.09,142.81,147.82,113,172,208,1388,38048,38.96
dashmap,sequential_keys,8,1000000,spread,40,96726692.87,1252579.66,198050.23,96338514.42,97114871.33,143.72,9.86,140.66,146.77,109,177,216,1392,38012,38.92
dashmap,sequential_keys,8,100000,compact,40,72607810.94,1852259.29,292867.91,72033789.84,73181832.04,186.46,57.70,168.58,204.34,110,177,212,348,45628,45.46
dashmap,sequential_keys,8,100000,spread,40,72566846.61,1563580.19,247223.74,72082288.09,73051405.13,182.65,63.86,162.86,202.44,106,176,211,363,46424,46.13
dashmap,zipfian,16,10000000,compact,40,90813124.65,435074.09,68791.25,90678293.79,90947955.51,197.35,3.36,196.31,198.39,164,319,381,634,282104,28.89
dashmap,zipfian,16,10000000,spread,40,90498338.11,899728.27,142259.53,90219509.43,90777166.78,197.27,4.43,195.90,198.64,162,320,378,629,282072,28.88
dashmap,zipfian,16,1000000,compact,40,116538755.54,577777.15,91354.59,116359700.55,116717810.54,161.84,4.68,160.39,163.29,136,224,290,594,38392,39.26
dashmap,zipfian,16,1000000,spread,40,115370755.27,1139192.58,180122.16,115017715.83,115723794.71,163.06,4.62,161.62,164.49,136,226,296,594,38364,39.28
dashmap,zipfian,16,100000,compact,40,102934262.95,528427.88,83551.78,102770501.45,103098024.45,182.46,39.07,170.35,194.56,124,222,334,980,5736,58.74
dashmap,zipfian,16,100000,spread,40,101643026.55,719906.66,113827.24,101419925.16,101866127.93,179.54,13.78,175.27,183.81,125,228,344,1062,5700,58.37
dashmap,zipfian,1,10000000,compact,40,15527159.64,43190.46,6829.01,15513774.78,15540544.50,112.67,5.66,110.91,114.42,76,224,235,442,282128,28.86
dashmap,zipfian,1,10000000,spread,40,15492644.19,82927.29,13111.96,15466944.75,15518343.62,111.05,2.35,110.33,111.78,77,224,234,394,281900,28.87
dashmap,zipfian,1,1000000,compact,40,30104983.34,243473.52,38496.54,30029530.12,30180436.57,66.17,1.14,65.81,66.52,56,80,92,146,38432,39.08
dashmap,zipfian,1,1000000,spread,40,29876757.00,130821.08,20684.63,29836215.13,29917298.87,66.47,1.10,66.13,66.82,56,82,93,148,38504,39.04
dashmap,zipfian,1,100000,compact,40,34631465.04,305464.41,48298.16,34536800.64,34726129.44,55.72,0.88,55.44,55.99,54,58,62,84,5504,56.36
dashmap,zipfian,1,100000,spread,40,34727605.24,83824.81,13253.87,34701627.67,34753582.82,55.58,0.67,55.38,55.79,54,58,62,86,5472,56.03
dashmap,zipfian,2,10000000,compact,40,20875240.25,80322.28,12700.07,20850348.12,20900132.38,125.18,5.65,123.43,126.93,89,237,249,466,282060,28.86
dashmap,zipfian,2,10000000,spread,40,20874021.52,95105.06,15037.43,20844548.16,20903494.89,124.22,4.56,122.80,125.63,89,236,250,452,281868,28.86
dashmap,zipfian,2,1000000,compact,40,38501315.39,263680.79,41691.59,38419599.86,38583030.91,81.86,2.01,81.24,82.49,74,100,113,168,38444,39.12
dashmap,zipfian,2,1000000,spread,40,38356218.29,334042.96,52816.83,38252697.30,38459739.27,82.35,3.85,81.16,83.55,74,100,113,169,38332,39.05
dashmap,zipfian,2,100000,compact,40,46379916.63,92640.96,14647.82,46351206.90,46408626.36,70.69,1.62,70.19,71.19,67,78,83,108,5520,56.52
dashmap,zipfian,2,100000,spread,40,45743964.17,2517235.89,398009.94,44963864.68,46524063.66,71.18,5.27,69.54,72.81,67,78,83,108,5484,56.16
dashmap,zipfian,4,10000000,compact,40,34397906.70,200072.74,31634.28,34335903.52,34459909.88,145.40,4.17,144.11,146.69,117,250,276,508,282220,28.86
dashmap,zipfian,4,10000000,spread,40,34277041.76,116021.43,18344.60,34241086.34,34312997.17,146.31,5.61,144.58,148.05,116,250,277,503,282000,28.86
dashmap,zipfian,4,1000000,compact,40,54582631.09,562956.78,89011.28,54408168.97,54757093.20,104.98,5.98,103.13,106.83,96,137,158,216,38268,39.11
dashmap,zipfian,4,1000000,spread,40,54568976.83,414840.72,65592.08,54440416.36,54697537.29,106.34,7.54,104.01,108.68,96,137,158,216,38484,39.06
dashmap,zipfian,4,100000,compact,40,60118885.66,645349.40,102038.70,59918889.81,60318881.51,97.60,2.67,96.77,98.43,95,133,143,192,5532,56.65
dashmap,zipfian,4,100000,spread,40,60256422.76,99505.52,15733.20,60225585.68,60287259.84,96.73,0.96,96.44,97.03,94,134,144,192,5512,56.44
dashmap,zipfian,8,10000000,compact,40,60599254.48,366851.46,58004.31,60485566.03,60712942.92,160.86,6.71,158.78,162.95,127,271,302,547,282148,28.87
dashmap,zipfian,8,10000000,spread,40,60071058.28,270745.20,42808.57,59987153.48,60154963.09,166.09,19.68,160.00,172.19,128,271,304,546,282052,28.87
dashmap,zipfian,8,1000000,compact,40,87594053.76,1670514.74,264131.57,87076355.88,88111751.64,123.82,5.51,122.11,125.53,114,162,190,345,38504,39.14
dashmap,zipfian,8,1000000,spread,40,89128797.03,1283640.17,202961.33,88730992.82,89526601.24,122.35,8.82,119.61,125.08,111,158,187,329,38280,39.08
dashmap,zipfian,8,100000,compact,40,95473161.00,620515.63,98112.14,95280861.22,95665460.79,116.12,1.73,115.59,116.66,106,154,180,332,5572,57.06
dashmap,zipfian,8,100000,spread,40,95239699.55,280547.65,44358.48,95152756.93,95326642.17,116.80,1.45,116.35,117.25,107,155,180,374,5560,56.93
libcuckoo,balanced,16,10000000,compact,40,105991263.50,375297.43,59339.73,105874957.62,106107569.38,168.84,4.97,167.29,170.38,140,286,379,658,311616,30.43
libcuckoo,balanced,16,10000000,spread,40,105844429.59,2369655.03,374675.36,105110065.89,106578793.29,169.05,6.25,167.12,170.99,138,286,382,650,311628,30.43
libcuckoo,balanced,16,1000000,compact,40,45441362.63,751568.90,118833.48,45208449.01,45674276.24,342.78,251.30,264.90,420.66,118,454,1084,2849,72420,53.22
libcuckoo,balanced,16,1000000,spread,40,44663512.33,1202592.63,190146.59,44290825.01,45036199.64,289.01,16.04,284.04,293.98,119,456,1143,2820,72404,53.20
libcuckoo,balanced,16,100000,compact,40,126450881.90,8101256.93,1280921.19,123940276.37,128961487.43,149.85,279.19,63.33,236.37,93,130,152,302,63328,325.31
libcuckoo,balanced,16,100000,spread,40,126103207.58,7656955.21,1210670.92,123730292.58,128476122.58,160.20,341.40,54.40,266.00,93,131,152,302,81760,419.94
libcuckoo,balanced,1,10000000,compact,40,16245488.20,52569.69,8312.00,16229196.69,16261779.72,100.21,2.18,99.53,100.89,64,144,163,468,311600,30.42
libcuckoo,balanced,1,10000000,spread,40,16204495.38,33334.71,5270.68,16194164.84,16214825.91,100.23,2.32,99.51,100.95,64,145,165,468,311600,30.42
libcuckoo,balanced,1,1000000,compact,40,11372428.51,143471.63,22684.86,11327966.19,11416890.82,236.10,755.52,1.96,470.24,66,188,355,578,72112,52.99
libcuckoo,balanced,1,1000000,spread,40,11313066.99,125683.23,19872.26,11274117.36,11352016.63,237.79,764.65,0.83,474.76,64,188,359,580,72120,53.00
libcuckoo,balanced,1,100000,compact,40,24918074.52,265477.57,41975.69,24835802.17,25000346.87,60.34,1.42,59.90,60.78,56,75,85,126,21556,110.74
libcuckoo,balanced,1,100000,spread,40,24938696.05,205111.85,32431.03,24875131.23,25002260.87,60.12,1.41,59.68,60.56,56,75,85,122,21556,110.74
libcuckoo,balanced,2,10000000,compact,40,22437130.80,93588.47,14797.64,22408127.43,22466134.17,109.96,2.20,109.28,110.64,102,162,185,478,311608,30.42
libcuckoo,balanced,2,10000000,spread,40,22457542.77,53023.14,8383.70,22441110.73,22473974.82,109.76,2.66,108.94,110.59,112,161,183,470,311596,30.42
libcuckoo,balanced,2,1000000,compact,40,15166994.50,219069.85,34637.99,15099104.04,15234884.95,145.20,6.97,143.04,147.36,81,238,456,842,72304,53.13
libcuckoo,balanced,2,1000000,spread,40,15259695.15,159128.90,25160.49,15210380.59,15309009.71,144.52,5.30,142.88,146.17,81,242,452,830,72328,53.14
libcuckoo,balanced,2,100000,compact,40,35899082.57,394828.06,62427.80,35776724.09,36021441.06,76.34,2.45,75.58,77.10,69,98,111,179,26332,135.28
libcuckoo,balanced,2,100000,spread,40,36306595.57,472033.13,74634.99,36160310.99,36452880.16,75.79,2.33,75.07,76.51,69,95,109,184,26364,135.44
libcuckoo,balanced,4,10000000,compact,40,42517552.84,191100.85,30215.70,42458330.07,42576775.60,115.38,2.26,114.68,116.08,120,176,198,437,311628,30.43
libcuckoo,balanced,4,10000000,spread,40,42506845.10,152352.36,24089.02,42459630.61,42554059.58,118.06,6.04,116.19,119.93,120,175,198,440,311632,30.43
libcuckoo,balanced,4,1000000,compact,40,26011712.93,322501.27,50991.93,25911768.76,26111657.11,156.38,6.78,154.28,158.48,87,260,502,1031,72388,53.19
libcuckoo,balanced,4,1000000,spread,40,25614932.08,246731.35,39011.65,25538469.24,25691394.92,156.62,5.41,154.95,158.30,88,254,498,1027,72332,53.15
libcuckoo,balanced,4,100000,compact,40,63597840.14,1051063.85,166187.79,63272112.07,63923568.20,81.08,4.39,79.72,82.44,74,101,114,206,35620,182.76
libcuckoo,balanced,4,100000,spread,40,63386297.34,1367282.49,216186.34,62962572.10,63810022.57,80.66,2.56,79.87,81.45,74,102,115,200,35604,182.64
libcuckoo,balanced,8,10000000,compact,40,74631144.96,443337.89,70097.88,74493753.12,74768536.79,130.62,6.81,128.51,132.73,122,202,236,484,311632,30.43
libcuckoo,balanced,8,10000000,spread,40,74847979.03,398898.06,63071.32,74724359.24,74971598.82,129.03,4.63,127.59,130.46,122,202,237,491,311632,30.43
libcuckoo,balanced,8,1000000,compact,40,37242802.98,406717.51,64307.68,37116759.91,37368846.04,195.92,10.33,192.72,199.12,94,300,684,1605,72368,53.18
libcuckoo,balanced,8,1000000,spread,40,38545393.70,968310.54,153103.34,38245311.15,38845476.24,328.50,899.18,49.84,607.16,91,293,626,1441,72372,53.19
libcuckoo,balanced,8,100000,compact,40,101255630.26,5626454.96,889620.64,99511973.80,102999286.72,129.53,272.88,44.96,214.10,80,109,124,241,54076,277.53
libcuckoo,balanced,8,100000,spread,40,100401870.64,5407000.49,854921.84,98726223.83,102077517.45,87.89,3.71,86.74,89.04,81,111,126,248,49444,253.99
libcuckoo,insert_only,16,10000000,compact,40,77733481.31,515267.23,81470.90,77573798.34,77893164.28,237.79,5.51,236.08,239.49,195,375,508,738,311600,319.08
libcuckoo,insert_only,16,10000000,spread,40,77593782.91,279661.16,44218.31,77507115.02,77680450.80,238.05,4.69,236.59,239.50,195,377,511,742,311616,319.09
libcuckoo,insert_only,16,1000000,compact,40,188087242.19,2469637.66,390484.00,187321893.55,188852590.83,93.95,2.19,93.27,94.63,85,122,150,266,35136,35.98
libcuckoo,insert_only,16,1000000,spread,40,187848688.33,1514514.93,239465.84,187379335.29,188318041.37,94.42,2.25,93.72,95.12,85,124,155,286,35132,35.98
libcuckoo,insert_only,16,100000,compact,40,44359848.49,1953749.49,308914.92,43754375.25,44965321.73,219.94,15.96,215.00,224.89,117,424,638,1342,275268,281.88
libcuckoo,insert_only,16,100000,spread,40,34723407.70,1393757.63,220372.43,34291477.74,35155337.67,491.88,572.67,314.40,669.35,134,744,1220,2330,263744,270.07
libcuckoo,insert_only,1,10000000,compact,40,16621579.46,77299.22,12222.08,16597624.18,16645534.74,166.52,3.54,165.42,167.62,118,450,480,531,311592,319.07
libcuckoo,insert_only,1,10000000,spread,40,16715772.12,83683.12,13231.46,16689838.46,16741705.79,166.00,3.66,164.87,167.14,118,450,480,530,311596,319.07
libcuckoo,insert_only,1,1000000,compact,40,27471198.35,344081.47,54404.06,27364566.40,27577830.30,58.23,1.39,57.80,58.66,47,106,113,131,35108,35.95
libcuckoo,insert_only,1,1000000,spread,40,27589734.43,349158.24,55206.77,27481529.17,27697939.69,58.49,1.58,58.00,58.98,47,106,114,132,35104,35.95
libcuckoo,insert_only,1,100000,compact,40,20245967.28,254525.07,40243.95,20167089.14,20324845.42,74.50,1.27,74.11,74.89,54,126,164,363,49208,50.39
libcuckoo,insert_only,1,100000,spread,40,20373087.39,219375.15,34686.26,20305102.33,20441072.45,74.44,2.66,73.62,75.27,54,124,162,328,49204,50.38
libcuckoo,insert_only,2,10000000,compact,40,17132255.63,563506.32,89098.17,16957623.21,17306888.05,142.72,4.17,141.43,144.01,124,164,202,494,311600,319.08
libcuckoo,insert_only,2,10000000,spread,40,17205718.88,38136.25,6029.87,17193900.33,17217537.42,142.42,2.35,141.69,143.15,124,164,208,488,311584,319.06
libcuckoo,insert_only,2,1000000,compact,40,37358414.97,675826.99,106857.63,37148974.01,37567855.93,72.60,1.65,72.09,73.11,61,117,128,200,35108,35.95
libcuckoo,insert_only,2,1000000,spread,40,37447992.54,482374.24,76270.06,37298503.22,37597481.87,72.22,2.45,71.46,72.98,61,117,128,176,35116,35.96
libcuckoo,insert_only,2,100000,compact,40,23898986.28,561573.85,88792.62,23724952.74,24073019.82,116.77,53.39,100.22,133.31,78,156,218,413,81656,83.62
libcuckoo,insert_only,2,100000,spread,40,24086485.50,419058.06,66258.90,23956618.06,24216352.94,125.96,65.81,105.56,146.35,76,156,223,410,77028,78.88
libcuckoo,insert_only,4,10000000,compact,40,31689672.40,79718.09,12604.54,31664967.51,31714377.30,148.22,3.81,147.04,149.40,133,176,206,480,311616,319.09
libcuckoo,insert_only,4,10000000,spread,40,31667193.13,92254.47,14586.71,31638603.17,31695783.08,148.28,3.08,147.32,149.23,132,176,204,463,311616,319.09
libcuckoo,insert_only,4,1000000,compact,40,72063769.57,1063831.92,168206.60,71734084.64,72393454.49,76.47,2.95,75.56,77.39,67,116,131,182,35136,35.98
libcuckoo,insert_only,4,1000000,spread,40,72337127.54,1069242.74,169062.12,72005765.78,72668489.30,75.83,2.43,75.07,76.58,66,116,132,178,35108,35.95
libcuckoo,insert_only,4,100000,compact,40,33562493.30,893031.85,141200.73,33285739.86,33839246.74,131.07,48.29,116.11,146.03,81,234,346,552,113964,116.70
libcuckoo,insert_only,4,100000,spread,40,34254244.22,1071175.69,169367.75,33922283.43,34586205.01,120.24,4.62,118.81,121.67,79,234,340,541,127772,130.84
libcuckoo,insert_only,8,10000000,compact,40,53256135.09,277040.76,43803.99,53170279.26,53341990.91,174.57,6.02,172.71,176.44,151,220,289,546,311612,319.09
libcuckoo,insert_only,8,10000000,spread,40,53057479.56,356713.62,56401.38,52946932.87,53168026.26,174.13,5.32,172.48,175.78,151,220,286,546,311612,319.09
libcuckoo,insert_only,8,1000000,compact,40,133235916.60,1338909.13,211700.12,132820984.37,133650848.84,82.87,4.35,81.52,84.22,74,113,132,242,35132,35.98
libcuckoo,insert_only,8,1000000,spread,40,137966137.44,2414341.11,381740.85,137217925.38,138714349.50,80.05,2.63,79.23,80.86,73,98,124,204,35208,36.05
libcuckoo,insert_only,8,100000,compact,40,31938289.13,1023253.54,161790.59,31621179.57,32255398.69,203.58,4.49,202.19,204.98,104,444,663,1225,169288,173.35
libcuckoo,insert_only,8,100000,spread,40,35580973.17,1531212.86,242106.01,35106445.39,36055500.95,323.34,513.34,164.26,482.43,104,355,500,942,196900,201.63
libcuckoo,random_keys,16,10000000,compact,40,73373225.62,198532.00,31390.67,73311699.92,73434751.33,244.85,5.22,243.24,246.47,202,380,534,750,311616,319.09
libcuckoo,random_keys,16,10000000,spread,40,73392122.09,201462.24,31853.98,73329688.30,73454555.89,244.61,4.64,243.17,246.05,201,380,526,744,311620,319.10
libcuckoo,random_keys,16,1000000,compact,40,80776145.73,4155212.09,656996.72,79488432.16,82063859.29,152.70,5.37,151.03,154.36,106,265,366,832,35180,36.02
libcuckoo,random_keys,16,1000000,spread,40,82627696.60,1507593.65,238371.49,82160488.48,83094904.71,151.46,5.57,149.74,153.19,105,266,365,806,35184,36.03
libcuckoo,random_keys,16,100000,compact,40,27477462.73,1433615.62,226674.53,27033180.65,27921744.82,372.59,12.22,368.81,376.38,167,880,1340,2502,284496,291.32
libcuckoo,random_keys,16,100000,spread,40,27233069.19,1451996.15,229580.75,26783090.92,27683047.46,388.47,86.36,361.71,415.24,168,896,1362,2452,298340,305.50
libcuckoo,random_keys,1,10000000,compact,40,15583306.62,532280.03,84160.86,15418351.32,15748261.91,165.51,4.81,164.02,167.00,122,428,480,530,311584,319.06
libcuckoo,random_keys,1,10000000,spread,40,15580951.33,32991.31,5216.38,15570727.22,15591175.44,163.24,2.85,162.36,164.13,122,407,479,530,311592,319.07
libcuckoo,random_keys,1,1000000,compact,40,15899719.25,663436.87,104898.58,15694118.03,16105320.46,89.18,4.68,87.73,90.63,63,143,194,466,35124,35.97
libcuckoo,random_keys,1,1000000,spread,40,15332688.09,106586.03,16852.73,15299656.74,15365719.45,92.59,2.97,91.67,93.51,64,149,210,479,35116,35.96
libcuckoo,random_keys,1,100000,compact,40,9312964.36,109492.14,17312.23,9279032.40,9346896.33,175.49,303.73,81.36,269.61,78,232,338,656,49200,50.38
libcuckoo,random_keys,1,100000,spread,40,9346952.39,136104.43,21520.00,9304773.19,9389131.59,178.85,305.30,84.24,273.46,84,236,348,669,49200,50.38
libcuckoo,random_keys,2,10000000,compact,40,16566750.01,19400.57,3067.50,16560737.71,16572762.31,146.51,2.60,145.70,147.31,128,167,215,492,311604,319.08
libcuckoo,random_keys,2,10000000,spread,40,16567981.12,27418.72,4335.28,16559483.97,16576478.27,145.97,2.37,145.24,146.71,127,167,206,494,311596,319.07
libcuckoo,random_keys,2,1000000,compact,40,21012752.32,261337.29,41321.05,20931763.06,21093741.59,128.35,4.37,127.00,129.71,99,218,298,649,35144,35.99
libcuckoo,random_keys,2,1000000,spread,40,21204398.47,162356.45,25670.81,21154083.69,21254713.26,126.66,5.78,124.87,128.45,94,208,294,633,35144,35.99
libcuckoo,random_keys,2,100000,compact,40,12448500.33,124692.81,19715.66,12409857.63,12487143.03,186.24,5.67,184.48,188.00,124,323,466,992,81640,83.60
libcuckoo,random_keys,2,100000,spread,40,12429106.32,159862.43,25276.47,12379564.44,12478648.20,184.25,5.89,182.42,186.08,122,324,465,994,81704,83.66
libcuckoo,random_keys,4,10000000,compact,40,30889044.49,89548.33,14158.83,30861293.17,30916795.80,152.74,4.67,151.29,154.19,137,181,209,479,311612,319.09
libcuckoo,random_keys,4,10000000,spread,40,30871285.31,118369.20,18715.81,30834602.32,30907968.31,152.37,3.08,151.41,153.32,137,181,207,480,311620,319.10
libcuckoo,random_keys,4,1000000,compact,40,40741806.67,641728.90,101466.25,40542932.83,40940680.52,128.65,5.50,126.94,130.35,92,216,296,652,35180,36.02
libcuckoo,random_keys,4,1000000,spread,40,43072301.57,1455625.33,230154.57,42621198.60,43523404.53,119.96,4.69,118.50,121.41,88,203,268,610,35184,36.03
libcuckoo,random_keys,4,100000,compact,40,21584047.11,521837.58,82509.77,21422327.97,21745766.25,190.94,8.33,188.35,193.52,121,335,476,1052,125456,128.47
libcuckoo,random_keys,4,100000,spread,40,21476248.80,361732.65,57194.95,21364146.69,21588350.91,190.94,8.05,188.44,193.43,120,338,488,1068,123160,126.12
libcuckoo,random_keys,8,10000000,compact,40,52306682.75,611561.27,96696.33,52117157.95,52496207.56,176.13,3.87,174.94,177.33,155,220,287,550,311620,319.10
libcuckoo,random_keys,8,10000000,spread,40,52328484.20,234008.31,36999.96,52255964.28,52401004.13,175.59,5.26,173.96,177.22,155,220,282,545,311608,319.09
libcuckoo,random_keys,8,1000000,compact,40,78842674.32,1414999.24,223731.02,78404161.51,79281187.13,125.91,8.30,123.33,128.48,87,215,302,690,35244,36.09
libcuckoo,random_keys,8,1000000,spread,40,77158672.87,1311510.99,207368.09,76752231.40,77565114.33,130.40,6.53,128.37,132.42,90,222,311,691,35276,36.12
libcuckoo,random_keys,8,100000,compact,40,27840257.06,1333202.20,210797.78,27427093.42,28253420.70,252.51,50.97,236.71,268.30,138,524,722,1314,178604,182.89
libcuckoo,random_keys,8,100000,spread,40,32182962.24,1128334.73,178405.38,31833287.69,32532636.80,268.07,345.50,161.00,375.14,131,405,558,1080,192328,196.94
libcuckoo,read_majority_95,16,10000000,compact,40,234049446.47,3421805.47,541034.95,232989017.97,235109874.97,92.64,3.91,91.43,93.85,83,112,148,258,311612,31.91
libcuckoo,read_majority_95,16,10000000,spread,40,237876076.56,3727469.92,589364.74,236720921.67,239031231.46,90.92,1.21,90.54,91.29,83,111,148,237,311636,31.91
libcuckoo,read_majority_95,16,1000000,compact,40,247596410.89,2560826.20,404902.17,246802802.63,248390019.15,88.61,0.94,88.32,88.90,84,105,121,239,35128,35.97
libcuckoo,read_majority_95,16,1000000,spread,40,246185450.80,6369008.81,1007028.71,244211674.53,248159227.08,89.81,2.03,89.18,90.44,84,104,120,285,35136,35.98
libcuckoo,read_majority_95,16,100000,compact,40,239628068.98,4478767.95,708155.39,238240084.41,241016053.54,86.99,0.72,86.77,87.22,84,105,119,162,16952,173.59
libcuckoo,read_majority_95,16,100000,spread,40,245967478.41,4866886.20,769522.28,244459214.75,247475742.07,86.01,1.23,85.63,86.39,83,103,116,170,16956,173.63
libcuckoo,read_majority_95,1,10000000,compact,40,28420705.24,156769.20,24787.39,28372121.96,28469288.52,52.30,0.75,52.07,52.54,48,57,77,143,311588,31.91
libcuckoo,read_majority_95,1,10000000,spread,40,28313101.22,380689.97,60192.37,28195124.17,28431078.26,52.69,1.19,52.32,53.06,48,57,78,144,311592,31.91
libcuckoo,read_majority_95,1,1000000,compact,40,30340664.42,145794.72,23052.17,30295482.16,30385846.67,50.00,0.60,49.82,50.19,49,60,66,78,35104,35.95
libcuckoo,read_majority_95,1,1000000,spread,40,29791374.92,943375.66,149160.79,29499019.77,30083730.06,50.83,1.31,50.42,51.23,49,61,66,78,35104,35.95
libcuckoo,read_majority_95,1,100000,compact,40,32886038.76,253240.63,40040.86,32807558.67,32964518.84,47.23,1.71,46.70,47.77,46,60,64,72,16936,173.42
libcuckoo,read_majority_95,1,100000,spread,40,32712331.45,212547.97,33606.79,32646462.15,32778200.75,47.25,0.74,47.02,47.48,46,60,64,72,16924,173.30
libcuckoo,read_majority_95,2,10000000,compact,40,46729531.03,177561.71,28074.97,46674504.09,46784557.98,61.21,1.31,60.81,61.62,55,69,126,158,311604,31.91
libcuckoo,read_majority_95,2,10000000,spread,40,46784797.69,86170.68,13624.78,46758093.11,46811502.26,61.26,1.89,60.67,61.84,55,70,126,157,311600,31.91
libcuckoo,read_majority_95,2,1000000,compact,40,49581904.38,171447.54,27108.24,49528772.24,49635036.52,59.07,2.92,58.16,59.97,56,70,76,96,35116,35.96
libcuckoo,read_majority_95,2,1000000,spread,40,49411741.28,113051.81,17875.06,49376706.16,49446776.40,58.80,0.55,58.63,58.97,57,71,77,95,35120,35.96
libcuckoo,read_majority_95,2,100000,compact,40,53157688.01,226994.62,35891.00,53087341.65,53228034.37,55.12,0.54,54.95,55.29,54,68,74,86,16940,173.47
libcuckoo,read_majority_95,2,100000,spread,40,55015809.05,329753.38,52138.59,54913617.42,55118000.68,53.72,0.67,53.51,53.93,52,67,72,84,17020,174.28
libcuckoo,read_majority_95,4,10000000,compact,40,82472624.94,343043.43,54239.93,82366314.68,82578935.20,67.82,1.20,67.45,68.19,62,83,125,170,311612,31.91
libcuckoo,read_majority_95,4,10000000,spread,40,82113893.65,338886.74,53582.70,82008871.56,82218915.74,68.75,4.21,67.44,70.05,63,84,124,170,311596,31.91
libcuckoo,read_majority_95,4,1000000,compact,40,87329910.64,502955.31,79524.22,87174043.17,87485778.11,64.95,0.84,64.69,65.21,63,82,88,114,35136,35.98
libcuckoo,read_majority_95,4,1000000,spread,40,87532332.64,558298.75,88274.78,87359314.06,87705351.21,65.34,1.51,64.87,65.81,63,82,88,118,35132,35.98
libcuckoo,read_majority_95,4,100000,compact,40,86457752.96,854214.44,135063.16,86193029.16,86722476.76,65.77,1.10,65.43,66.12,66,82,89,110,16956,173.63
libcuckoo,read_majority_95,4,100000,spread,40,87010301.84,1318102.06,208410.23,86601817.79,87418785.90,65.54,1.49,65.07,66.00,66,82,87,109,16956,173.63
libcuckoo,read_majority_95,8,10000000,compact,40,144336750.54,1307549.30,206741.70,143931536.81,144741964.26,76.02,4.45,74.64,77.40,70,91,128,182,311724,31.92
libcuckoo,read_majority_95,8,10000000,spread,40,141455288.24,978948.68,154785.38,141151908.90,141758667.58,76.99,4.14,75.71,78.27,71,92,130,183,311592,31.91
libcuckoo,read_majority_95,8,1000000,compact,40,149728085.45,1430352.58,226158.60,149284814.60,150171356.31,74.35,1.85,73.78,74.93,72,89,100,144,35132,35.98
libcuckoo,read_majority_95,8,1000000,spread,40,150888667.79,766446.35,121185.81,150651143.60,151126191.97,73.93,2.13,73.26,74.59,71,87,98,147,35132,35.98
libcuckoo,read_majority_95,8,100000,compact,40,149050555.96,1997591.41,315846.93,148431495.97,149669615.95,73.34,1.27,72.95,73.74,72,87,99,121,16956,173.63
libcuckoo,read_majority_95,8,100000,spread,40,144253655.44,3261408.34,515673.94,143242934.52,145264376.35,75.81,2.05,75.18,76.45,75,90,101,123,16960,173.67
libcuckoo,read_majority_99,16,10000000,compact,40,252400815.99,2260483.88,357413.88,251700284.78,253101347.21,85.81,2.59,85.01,86.62,82,97,114,212,311704,31.92
libcuckoo,read_majority_99,16,10000000,spread,40,246958975.11,1285520.77,203258.68,246560588.09,247357362.12,88.60,2.92,87.69,89.50,83,103,120,250,311600,31.91
libcuckoo,read_majority_99,16,1000000,compact,40,249856576.73,1591181.03,251587.81,249363464.62,250349688.85,87.35,1.25,86.96,87.74,83,101,117,226,35136,35.98
libcuckoo,read_majority_99,16,1000000,spread,40,250246480.00,953534.95,150767.11,249950976.46,250541983.54,88.97,2.40,88.22,89.71,83,101,116,272,35132,35.98
libcuckoo,read_majority_99,16,100000,compact,40,253271051.20,1028744.18,162658.74,252952240.07,253589862.32,85.00,0.98,84.69,85.30,82,100,113,158,16956,173.63
libcuckoo,read_majority_99,16,100000,spread,40,249807357.28,2226744.51,352079.22,249117282.01,250497432.55,86.63,1.42,86.19,87.07,83,102,117,166,16956,173.63
libcuckoo,read_majority_99,1,10000000,compact,40,29373248.06,96543.32,15264.84,29343328.97,29403167.14,51.18,0.78,50.93,51.42,50,62,66,116,311592,31.91
libcuckoo,read_majority_99,1,10000000,spread,40,29400730.62,239096.33,37804.45,29326633.90,29474827.34,51.38,0.99,51.08,51.69,50,62,66,118,311592,31.91
libcuckoo,read_majority_99,1,1000000,compact,40,30155034.51,682635.57,107934.16,29943483.56,30366585.47,50.00,0.61,49.81,50.19,49,61,65,73,35108,35.95
libcuckoo,read_majority_99,1,1000000,spread,40,29947726.90,89634.87,14172.52,29919948.76,29975505.03,50.49,0.47,50.35,50.64,50,62,66,73,35092,35.93
libcuckoo,read_majority_99,1,100000,compact,40,34299787.36,266376.97,42117.90,34217236.28,34382338.44,45.10,0.51,44.94,45.26,43,57,61,70,16932,173.38
libcuckoo,read_majority_99,1,100000,spread,40,33976404.93,193066.76,30526.54,33916572.92,34036236.93,45.45,0.58,45.27,45.63,44,57,62,70,16920,173.26
libcuckoo,read_majority_99,2,10000000,compact,40,48487317.19,219046.21,34634.25,48419434.06,48555200.31,58.84,0.74,58.61,59.07,57,70,76,129,311600,31.91
libcuckoo,read_majority_99,2,10000000,spread,40,49493207.55,187245.00,29606.03,49435179.73,49551235.38,57.70,0.83,57.44,57.96,55,69,74,133,311672,31.92
libcuckoo,read_majority_99,2,1000000,compact,40,49613575.31,237146.67,37496.18,49540082.79,49687067.82,58.08,1.62,57.58,58.58,56,69,74,87,35112,35.95
libcuckoo,read_majority_99,2,1000000,spread,40,50178203.62,696125.17,110067.05,49962472.19,50393935.04,57.34,1.14,56.98,57.69,56,69,74,85,35112,35.95
libcuckoo,read_majority_99,2,100000,compact,40,56469832.51,185237.86,29288.68,56412426.70,56527238.32,52.75,0.70,52.53,52.97,51,65,69,81,16928,173.34
libcuckoo,read_majority_99,2,100000,spread,40,55697843.44,177938.62,28134.57,55642699.69,55752987.19,53.32,0.65,53.12,53.52,52,66,70,81,16936,173.42
libcuckoo,read_majority_99,4,10000000,compact,40,87733303.22,293076.42,46339.45,87642477.90,87824128.55,65.35,5.35,63.70,67.01,62,81,87,140,311616,31.91
libcuckoo,read_majority_99,4,10000000,spread,40,87317009.95,512090.95,80968.69,87158311.32,87475708.58,66.23,4.14,64.95,67.51,62,81,87,143,311612,31.91
libcuckoo,read_majority_99,4,1000000,compact,40,88609324.24,346718.99,54821.09,88501874.91,88716773.56,64.73,1.81,64.17,65.29,63,81,87,107,35132,35.98
libcuckoo,read_majority_99,4,1000000,spread,40,88801435.02,691158.69,109281.78,88587242.73,89015627.32,64.09,1.11,63.74,64.43,62,80,86,106,35136,35.98
libcuckoo,read_majority_99,4,100000,compact,40,86912447.21,1785291.78,282279.42,86359179.56,87465714.87,65.36,2.36,64.63,66.09,66,80,86,109,16960,173.67
libcuckoo,read_majority_99,4,100000,spread,40,84075868.19,761655.60,120428.32,83839828.68,84311907.71,66.41,0.94,66.12,66.70,67,83,89,111,16956,173.63
libcuckoo,read_majority_99,8,10000000,compact,40,149031456.53,1246604.77,197105.52,148645129.71,149417783.35,73.47,1.52,73.00,73.94,71,86,98,156,311620,31.91
libcuckoo,read_majority_99,8,10000000,spread,40,149446848.27,782977.71,123799.65,149204200.97,149689495.58,73.92,1.94,73.32,74.52,71,86,99,155,311620,31.91
libcuckoo,read_majority_99,8,1000000,compact,40,151607580.05,517266.78,81787.06,151447277.42,151767882.69,72.66,0.83,72.40,72.92,71,86,96,124,35132,35.98
libcuckoo,read_majority_99,8,1000000,spread,40,153220684.60,1950131.05,308342.79,152616332.73,153825036.47,72.23,1.28,71.84,72.63,71,85,95,122,35132,35.98
libcuckoo,read_majority_99,8,100000,compact,40,149932457.56,1678710.39,265427.42,149412219.83,150452695.30,72.96,1.37,72.53,73.38,71,86,98,119,16956,173.63
libcuckoo,read_majority_99,8,100000,spread,40,148462434.10,1780552.19,281530.02,147910635.25,149014232.94,73.39,1.69,72.86,73.91,72,87,99,118,16956,173.63
libcuckoo,read_only,16,10000000,compact,40,390598857.56,6316804.36,998774.47,388641259.60,392556455.51,80.32,0.99,80.01,80.63,80,93,99,154,311680,31.92
libcuckoo,read_only,16,10000000,spread,40,381261950.94,3971219.32,627904.91,380031257.33,382492644.56,82.74,3.57,81.63,83.84,82,95,102,160,311616,31.91
libcuckoo,read_only,16,1000000,compact,40,383775543.91,3940642.96,623070.36,382554326.00,384996761.82,82.94,1.58,82.45,83.43,82,95,102,182,35132,35.98
libcuckoo,read_only,16,1000000,spread,40,387839529.35,3074312.51,486091.49,386886790.04,388792268.67,83.15,1.70,82.62,83.68,81,95,101,198,35124,35.97
libcuckoo,read_only,16,100000,compact,40,396132542.29,2652940.31,419466.69,395310387.57,396954697.01,80.40,5.01,78.84,81.95,80,93,98,140,16952,173.59
libcuckoo,read_only,16,100000,spread,40,380954786.37,2636623.45,416886.77,380137688.30,381771884.45,81.31,1.11,80.96,81.65,81,95,101,144,16960,173.67
libcuckoo,read_only,1,10000000,compact,40,61316482.78,365523.55,57794.35,61203205.86,61429759.70,46.59,0.83,46.33,46.85,46,55,58,62,311588,31.91
libcuckoo,read_only,1,10000000,spread,40,61991306.25,227901.74,36034.43,61920678.77,62061933.73,46.24,0.62,46.04,46.43,46,54,57,61,311592,31.91
libcuckoo,read_only,1,1000000,compact,40,62000410.44,464478.97,73440.57,61856466.91,62144353.96,45.97,0.41,45.84,46.09,46,54,57,61,35084,35.93
libcuckoo,read_only,1,1000000,spread,40,61797972.87,1187557.12,187769.27,61429945.10,62166000.63,46.76,3.70,45.61,47.91,46,54,57,61,35108,35.95
libcuckoo,read_only,1,100000,compact,40,64030455.04,586754.31,92774.00,63848617.99,64212292.08,42.14,1.50,41.67,42.60,41,52,55,60,16932,173.38
libcuckoo,read_only,1,100000,spread,40,65268114.53,339072.56,53612.08,65163034.85,65373194.20,41.48,0.29,41.39,41.57,40,52,55,60,16920,173.26
libcuckoo,read_only,2,10000000,compact,40,74154652.53,169609.31,26817.59,74102090.06,74207215.00,56.48,1.00,56.17,56.79,55,67,71,80,311596,31.91
libcuckoo,read_only,2,10000000,spread,40,75340426.42,287788.66,45503.38,75251239.79,75429613.05,56.23,0.71,56.01,56.45,55,66,70,79,311596,31.91
libcuckoo,read_only,2,1000000,compact,40,75216690.62,235852.64,37291.58,75143599.12,75289782.11,56.52,2.93,55.61,57.43,55,66,70,79,35116,35.96
libcuckoo,read_only,2,1000000,spread,40,75671319.75,78732.27,12448.67,75646920.36,75695719.13,56.13,1.59,55.64,56.62,55,66,70,79,35104,35.95
libcuckoo,read_only,2,100000,compact,40,80949430.25,199213.37,31498.40,80887693.38,81011167.11,52.03,1.74,51.49,52.57,51,63,67,76,16920,173.26
libcuckoo,read_only,2,100000,spread,40,83032721.05,523953.31,82844.29,82870346.24,83195095.86,50.65,1.89,50.06,51.24,49,61,65,74,16944,173.51
libcuckoo,read_only,4,10000000,compact,40,129718765.94,523091.20,82707.98,129556658.30,129880873.58,62.14,1.32,61.73,62.54,61,78,82,91,311608,31.91
libcuckoo,read_only,4,10000000,spread,40,130573802.40,587849.11,92947.11,130391626.07,130755978.73,62.08,2.34,61.36,62.81,61,77,81,90,311616,31.91
libcuckoo,read_only,4,1000000,compact,40,131207787.89,1162253.28,183768.38,130847601.87,131567973.92,61.78,0.94,61.49,62.07,60,77,81,89,35136,35.98
libcuckoo,read_only,4,1000000,spread,40,130000115.87,5770448.04,912387.95,128211835.50,131788396.25,61.83,1.86,61.25,62.40,60,77,82,89,35128,35.97
libcuckoo,read_only,4,100000,compact,40,122050370.19,1853089.05,292999.11,121476091.94,122624648.44,64.88,2.32,64.16,65.60,66,80,84,96,16956,173.63
libcuckoo,read_only,4,100000,spread,40,123746089.42,374078.95,59147.08,123630161.15,123862017.69,64.45,1.41,64.01,64.89,65,80,84,94,16956,173.63
libcuckoo,read_only,8,10000000,compact,40,229428224.81,1154558.62,182551.75,229070423.39,229786026.23,71.26,1.71,70.73,71.79,71,83,86,114,311616,31.91
libcuckoo,read_only,8,10000000,spread,40,229797522.46,1164754.76,184163.90,229436561.21,230158483.70,72.09,4.69,70.63,73.54,71,83,86,115,311612,31.91
libcuckoo,read_only,8,1000000,compact,40,226866483.21,1359263.73,214918.47,226445243.02,227287723.41,71.06,0.65,70.86,71.26,71,83,87,114,35136,35.98
libcuckoo,read_only,8,1000000,spread,40,228746177.49,1386605.00,219241.50,228316464.15,229175890.84,71.57,1.36,71.15,71.99,71,83,86,114,35136,35.98
libcuckoo,read_only,8,100000,compact,40,216682021.52,13302738.50,2103347.64,212559460.14,220804582.89,73.28,1.86,72.71,73.86,73,84,87,110,16960,173.67
libcuckoo,read_only,8,100000,spread,40,219784971.27,3265314.38,516291.54,218773039.87,220796902.68,72.65,1.30,72.25,73.06,73,84,87,106,16952,173.59
libcuckoo,resize_stress,16,10000000,compact,40,25669717.02,1758943.67,278113.41,25124614.73,26214819.32,7899.78,5884.01,6076.31,9723.26,139,860,1427,644014,280164,286.89
libcuckoo,resize_stress,16,10000000,spread,40,26557600.59,1584570.06,250542.53,26066537.24,27048663.94,7020.41,10142.66,3877.17,10163.65,137,812,1330,3098,262928,269.24
libcuckoo,resize_stress,16,1000000,compact,40,29985893.88,2635146.68,416653.27,29169253.46,30802534.30,5992.41,6450.32,3993.43,7991.38,120,448,710,1686,280196,286.92
libcuckoo,resize_stress,16,1000000,spread,40,30250006.99,2318634.14,366608.25,29531454.83,30968559.16,5629.24,8183.57,3093.13,8165.36,119,445,700,1692,261736,268.02
libcuckoo,resize_stress,16,100000,compact,40,30123361.39,2351567.50,371815.47,29394603.07,30852119.71,5803.39,6023.35,3936.74,7670.05,121,452,728,1768,270976,277.48
libcuckoo,resize_stress,16,100000,spread,40,25422972.48,2218212.44,350730.18,24735541.32,26110403.64,7294.10,9381.89,4386.63,10201.58,138,824,1380,3515,266360,272.75
libcuckoo,resize_stress,1,10000000,compact,40,14697722.79,158683.59,25090.08,14648546.23,14746899.34,86.41,1.33,86.00,86.82,61,147,202,450,49444,50.63
libcuckoo,resize_stress,1,10000000,spread,40,14712310.43,211967.53,33515.01,14646621.01,14777999.85,86.09,1.61,85.59,86.59,61,144,201,444,49440,50.63
libcuckoo,resize_stress,1,1000000,compact,40,14725587.39,208502.28,32967.10,14660971.87,14790202.92,85.39,1.13,85.04,85.74,60,145,206,442,49436,50.62
libcuckoo,resize_stress,1,1000000,spread,40,14791507.16,154574.23,24440.33,14743604.11,14839410.21,85.25,1.31,84.85,85.66,60,146,202,446,49444,50.63
libcuckoo,resize_stress,1,100000,compact,40,14711203.79,222056.87,35110.27,14642387.65,14780019.93,87.32,1.85,86.75,87.89,61,146,207,460,49440,50.63
libcuckoo,resize_stress,1,100000,spread,40,14708121.62,416004.41,65776.07,14579200.52,14837042.72,85.15,1.55,84.67,85.63,61,143,200,446,49440,50.63
libcuckoo,resize_stress,2,10000000,compact,40,16455658.47,273390.22,43226.79,16370933.97,16540382.98,143.85,135.93,101.73,185.98,86,198,282,524,81912,83.88
libcuckoo,resize_stress,2,10000000,spread,40,16395682.88,794159.14,125567.58,16149570.42,16641795.35,122.92,9.65,119.93,125.91,86,197,275,547,80788,82.73
libcuckoo,resize_stress,2,1000000,compact,40,16973772.82,840472.24,132890.33,16713307.77,17234237.86,117.54,8.08,115.04,120.05,83,186,264,510,75072,76.87
libcuckoo,resize_stress,2,1000000,spread,40,16466758.17,309770.59,48979.03,16370759.27,16562757.08,122.11,4.03,120.86,123.36,86,199,282,526,80788,82.73
libcuckoo,resize_stress,2,100000,compact,40,16846604.43,483770.40,76490.82,16696682.43,16996526.43,119.86,4.82,118.36,121.35,84,195,278,522,82548,84.53
libcuckoo,resize_stress,2,100000,spread,40,16601950.43,342917.82,54220.07,16495679.10,16708221.76,171.82,233.68,99.40,244.24,85,195,276,518,83656,85.66
libcuckoo,resize_stress,4,10000000,compact,40,23697129.30,828182.71,130947.18,23440472.82,23953785.78,1234.23,2732.15,387.53,2080.93,88,225,333,673,114224,116.97
libcuckoo,resize_stress,4,10000000,spread,40,23585127.41,699003.72,110522.19,23368503.91,23801750.90,931.93,1838.13,362.29,1501.58,89,234,336,672,131504,134.66
libcuckoo,resize_stress,4,1000000,compact,40,22427050.95,653361.05,103305.45,22224572.26,22629529.64,1581.58,2834.96,703.02,2460.15,90,281,414,754,105004,107.52
libcuckoo,resize_stress,4,1000000,spread,40,23925592.01,890408.66,140785.97,23649651.51,24201532.51,795.78,1723.81,261.57,1330.00,89,230,336,685,105000,107.52
libcuckoo,resize_stress,4,100000,compact,40,22295439.16,713765.42,112856.22,22074240.96,22516637.35,700.78,1422.38,259.98,1141.58,90,274,396,742,123456,126.42
libcuckoo,resize_stress,4,100000,spread,40,23899793.42,1029791.11,162824.27,23580657.85,24218928.99,2347.69,2790.12,1483.02,3212.36,86,226,335,692,116560,119.36
libcuckoo,resize_stress,8,10000000,compact,40,23350148.48,1576620.50,249285.59,22861548.72,23838748.23,3735.13,6543.61,1707.24,5763.02,112,487,708,1469,192592,197.21
libcuckoo,resize_stress,8,10000000,spread,40,26332548.26,1361574.87,215283.89,25910591.84,26754504.68,4566.36,7264.04,2315.21,6817.51,108,364,521,1112,178768,183.06
libcuckoo,resize_stress,8,1000000,compact,40,23910373.44,1024543.11,161994.49,23592864.24,24227882.64,3253.92,5734.29,1476.85,5031.00,112,512,763,1446,192580,197.20
libcuckoo,resize_stress,8,1000000,spread,40,25995864.02,1483745.17,234600.71,25536046.62,26455681.41,4738.81,7417.86,2439.99,7037.63,108,353,504,1088,169552,173.62
libcuckoo,resize_stress,8,100000,compact,40,26052526.70,1246142.09,197032.37,25666343.27,26438710.14,4805.54,6916.52,2662.09,6948.99,109,373,528,1156,187960,192.47
libcuckoo,resize_stress,8,100000,spread,40,26167573.34,1513677.31,239333.40,25698479.88,26636666.80,3289.14,5464.85,1595.57,4982.71,108,364,525,1168,151128,154.76
libcuckoo,sequential_keys,16,10000000,compact,40,77441668.28,948685.23,150000.31,77147667.68,77735668.88,241.03,5.66,239.28,242.79,195,389,534,752,311620,319.10
libcuckoo,sequential_keys,16,10000000,spread,40,77555098.40,712918.80,112722.36,77334162.57,77776034.22,239.10,4.28,237.77,240.42,195,381,526,756,311616,319.09
libcuckoo,sequential_keys,16,1000000,compact,40,187948302.60,2604813.47,411857.17,187141062.54,188755542.66,94.67,2.49,93.90,95.44,85,122,151,268,35128,35.97
libcuckoo,sequential_keys,16,1000000,spread,40,187349128.41,1693508.33,267767.18,186824304.74,187873952.08,94.20,4.89,92.69,95.72,84,120,152,270,35136,35.98
libcuckoo,sequential_keys,16,100000,compact,40,44016044.51,2780505.58,439636.53,43154356.91,44877732.12,217.41,15.15,212.71,222.10,115,417,651,1400,252220,258.27
libcuckoo,sequential_keys,16,100000,spread,40,44815683.61,2382662.23,376731.98,44077288.94,45554078.29,212.82,8.25,210.26,215.38,114,410,630,1378,275360,281.97
libcuckoo,sequential_keys,1,10000000,compact,40,16829238.91,85377.21,13499.32,16802780.24,16855697.58,167.56,3.69,166.42,168.70,118,452,480,530,311592,319.07
libcuckoo,sequential_keys,1,10000000,spread,40,16653436.87,79251.62,12530.78,16628876.53,16677997.20,166.36,4.29,165.03,167.69,119,448,480,529,311592,319.07
libcuckoo,sequential_keys,1,1000000,compact,40,27475960.94,365088.02,57725.48,27362818.99,27589102.89,59.20,2.00,58.58,59.82,47,107,115,143,35104,35.95
libcuckoo,sequential_keys,1,1000000,spread,40,27533158.71,289318.50,45745.27,27443497.98,27622819.44,59.20,1.58,58.71,59.69,47,107,115,143,35108,35.95
libcuckoo,sequential_keys,1,100000,compact,40,20200948.49,282139.84,44610.23,20113512.44,20288384.53,76.81,4.25,75.50,78.13,55,127,166,366,49200,50.38
libcuckoo,sequential_keys,1,100000,spread,40,20131679.67,176869.88,27965.58,20076867.13,20186492.21,76.08,4.10,74.81,77.35,55,126,166,343,49204,50.38
libcuckoo,sequential_keys,2,10000000,compact,40,17212733.48,52242.93,8260.33,17196543.23,17228923.73,142.09,2.27,141.38,142.79,124,164,202,487,311604,319.08
libcuckoo,sequential_keys,2,10000000,spread,40,17211693.32,37473.81,5925.13,17200080.07,17223306.58,142.39,2.36,141.66,143.13,124,164,207,488,311604,319.08
libcuckoo,sequential_keys,2,1000000,compact,40,37384132.18,544307.33,86062.55,37215449.59,37552814.77,73.18,2.59,72.37,73.98,61,117,129,170,35116,35.96
libcuckoo,sequential_keys,2,1000000,spread,40,37492300.17,500498.11,79135.70,37337194.20,37647406.14,72.46,1.29,72.06,72.86,61,117,128,180,35116,35.96
libcuckoo,sequential_keys,2,100000,compact,40,24179388.23,528503.68,83563.77,24015603.25,24343173.22,112.33,51.03,96.51,128.14,74,152,215,398,81660,83.62
libcuckoo,sequential_keys,2,100000,spread,40,24088682.55,415876.23,65755.81,23959801.17,24217563.93,98.87,2.13,98.22,99.53,75,153,222,426,81664,83.62
libcuckoo,sequential_keys,4,10000000,compact,40,31642658.11,112342.61,17762.93,31607842.77,31677473.44,151.23,7.33,148.95,153.50,133,177,204,467,311616,319.09
libcuckoo,sequential_keys,4,10000000,spread,40,31632965.00,174496.69,27590.35,31578887.92,31687042.09,149.54,6.32,147.58,151.49,132,177,204,480,311620,319.10
libcuckoo,sequential_keys,4,1000000,compact,40,72525169.70,796083.97,125871.93,72278460.72,72771878.68,76.51,3.19,75.53,77.50,66,114,130,196,35132,35.98
libcuckoo,sequential_keys,4,1000000,spread,40,72663627.48,868654.82,137346.39,72394428.57,72932826.40,75.70,2.57,74.91,76.50,66,116,130,181,35136,35.98
libcuckoo,sequential_keys,4,100000,compact,40,33744309.34,908660.50,143671.84,33462712.54,34025906.15,122.71,4.46,121.32,124.09,81,233,346,553,111632,114.31
libcuckoo,sequential_keys,4,100000,spread,40,33312107.14,973037.07,153850.67,33010559.83,33613654.45,125.05,5.29,123.41,126.69,81,240,364,566,127776,130.84
libcuckoo,sequential_keys,8,10000000,compact,40,53103584.87,314657.81,49751.77,53006071.41,53201098.34,177.29,8.52,174.65,179.93,151,220,300,546,311616,319.09
libcuckoo,sequential_keys,8,10000000,spread,40,53171086.61,367920.79,58173.38,53057066.78,53285106.44,171.73,3.05,170.79,172.68,151,218,284,552,311608,319.09
libcuckoo,sequential_keys,8,1000000,compact,40,133216555.37,2015046.21,318606.78,132592086.08,133841024.66,83.43,4.36,82.07,84.78,74,118,139,272,35136,35.98
libcuckoo,sequential_keys,8,1000000,spread,40,132112330.78,2090109.64,330475.35,131464599.09,132760062.47,83.21,5.98,81.35,85.06,74,112,131,236,35132,35.98
libcuckoo,sequential_keys,8,100000,compact,40,31283233.96,1039410.61,164345.25,30961117.27,31605350.64,214.02,13.54,209.83,218.22,106,465,676,1362,189984,194.54
libcuckoo,sequential_keys,8,100000,spread,40,32372368.82,1159537.28,183338.94,32013024.49,32731713.14,249.12,245.49,173.04,325.20,108,464,688,1278,178492,182.78
libcuckoo,zipfian,16,10000000,compact,40,36764710.10,568397.04,89871.46,36588562.04,36940858.17,415.02,51.70,399.00,431.04,140,442,778,6065,311788,31.93
libcuckoo,zipfian,16,10000000,spread,40,36934004.30,416912.42,65919.64,36804801.80,37063206.80,405.09,56.82,387.48,422.70,140,443,788,6463,311816,31.93
libcuckoo,zipfian,16,1000000,compact,40,31113248.03,193678.34,30623.23,31053226.49,31173269.57,454.63,46.15,440.33,468.93,137,510,958,7167,35336,36.18
libcuckoo,zipfian,16,1000000,spread,40,31010974.87,222401.07,35164.70,30942052.06,31079897.67,456.25,35.70,445.19,467.31,138,504,934,7282,35332,36.18
libcuckoo,zipfian,16,100000,compact,40,26141534.65,243438.43,38491.00,26066092.30,26216977.00,555.46,71.80,533.21,577.71,138,538,1197,9578,17112,175.23
libcuckoo,zipfian,16,100000,spread,40,25973325.40,211384.96,33422.90,25907816.52,26038834.28,561.84,81.51,536.58,587.10,136,546,1196,9193,17156,175.68
libcuckoo,zipfian,1,10000000,compact,40,20004852.96,58011.02,9172.35,19986875.16,20022830.76,77.23,0.87,76.96,77.51,71,87,132,157,311796,31.93
libcuckoo,zipfian,1,10000000,spread,40,20002703.53,68587.47,10844.63,19981448.05,20023959.01,78.03,4.31,76.69,79.37,72,87,132,157,311792,31.93
libcuckoo,zipfian,1,1000000,compact,40,21567419.22,46371.22,7331.93,21553048.63,21581789.82,73.19,2.25,72.49,73.88,70,86,89,103,35308,36.16
libcuckoo,zipfian,1,1000000,spread,40,21514327.04,50928.60,8052.52,21498544.11,21530109.98,73.03,1.35,72.61,73.44,70,85,89,105,35276,36.12
libcuckoo,zipfian,1,100000,compact,40,21190539.17,650028.22,102778.49,20989093.33,21391985.00,69.83,0.55,69.66,70.00,67,82,87,101,17108,175.19
libcuckoo,zipfian,1,100000,spread,40,21353915.62,51775.16,8186.37,21337870.34,21369960.91,69.88,0.69,69.67,70.10,67,82,87,102,17088,174.98
libcuckoo,zipfian,2,10000000,compact,40,28428379.49,57511.98,9093.44,28410556.34,28446202.64,94.16,3.46,93.09,95.24,86,106,155,189,311796,31.93
libcuckoo,zipfian,2,10000000,spread,40,28411969.58,37577.71,5941.56,28400324.13,28423615.03,94.01,2.09,93.36,94.66,86,107,154,188,311804,31.93
libcuckoo,zipfian,2,1000000,compact,40,30003845.36,128498.52,20317.40,29964023.26,30043667.47,90.10,0.95,89.81,90.40,86,105,111,132,35272,36.12
libcuckoo,zipfian,2,1000000,spread,40,30001203.03,46190.71,7303.39,29986888.38,30015517.68,90.33,1.85,89.76,90.91,86,105,111,133,35316,36.16
libcuckoo,zipfian,2,100000,compact,40,30432631.26,36948.52,5842.07,30421180.80,30444081.73,87.43,3.38,86.39,88.48,84,102,110,130,17092,175.02
libcuckoo,zipfian,2,100000,spread,40,30325503.63,28756.17,4546.75,30316592.00,30334415.26,87.67,2.41,86.92,88.42,84,103,110,130,17140,175.51
libcuckoo,zipfian,4,10000000,compact,40,27804564.62,51408.91,8128.46,27788632.84,27820496.41,127.87,3.58,126.76,128.98,117,177,196,249,311816,31.93
libcuckoo,zipfian,4,10000000,spread,40,32538461.95,95123.19,15040.30,32508982.97,32567940.93,118.17,1.86,117.60,118.75,109,160,176,236,311780,31.93
libcuckoo,zipfian,4,1000000,compact,40,28128011.39,166222.14,26282.03,28076498.61,28179524.16,125.31,2.68,124.48,126.14,116,172,192,238,35316,36.16
libcuckoo,zipfian,4,1000000,spread,40,28416709.41,289213.53,45728.67,28327081.21,28506337.61,127.18,2.33,126.46,127.90,120,170,188,232,35320,36.17
libcuckoo,zipfian,4,100000,compact,40,28058420.44,390478.59,61740.09,27937409.87,28179431.01,124.43,4.82,122.94,125.93,116,173,191,246,17156,175.68
libcuckoo,zipfian,4,100000,spread,40,27991630.39,359586.57,56855.63,27880193.36,28103067.42,125.44,2.71,124.60,126.28,116,175,196,250,17144,175.55
libcuckoo,zipfian,8,10000000,compact,40,62679894.39,460460.27,72805.16,62537196.27,62822592.51,139.26,6.36,137.29,141.23,125,174,198,462,311820,31.93
libcuckoo,zipfian,8,10000000,spread,40,62535652.12,422268.96,66766.58,62404789.61,62666514.62,137.70,4.06,136.45,138.96,125,173,199,454,311800,31.93
libcuckoo,zipfian,8,1000000,compact,40,63276329.64,274701.11,43434.06,63191198.88,63361460.40,136.64,3.30,135.62,137.66,122,167,194,500,35284,36.13
libcuckoo,zipfian,8,1000000,spread,40,66205208.59,295931.60,46790.89,66113498.43,66296918.74,132.29,3.14,131.32,133.26,118,158,186,489,35320,36.17
libcuckoo,zipfian,8,100000,compact,40,58499847.23,782442.25,123714.98,58257365.86,58742328.60,146.00,3.00,145.07,146.93,130,182,226,538,17136,175.47
libcuckoo,zipfian,8,100000,spread,40,57498500.51,1276954.91,201904.30,57102768.08,57894232.94,148.21,6.20,146.29,150.13,133,185,228,528,17184,175.96
parallel-hashmap,balanced,16,10000000,compact,40,23199967.79,326654.63,51648.63,23098736.47,23301199.11,687.45,121.04,649.94,724.96,106,592,1854,12917,282404,27.57
parallel-hashmap,balanced,16,10000000,spread,40,23512483.26,324490.20,51306.41,23411922.70,23613043.81,630.71,109.78,596.69,664.73,104,544,1702,11814,282412,27.57
parallel-hashmap,balanced,16,1000000,compact,40,24298575.21,404069.73,63889.03,24173352.70,24423797.71,624.67,102.89,592.79,656.56,105,560,1757,12128,38684,28.43
parallel-hashmap,balanced,16,1000000,spread,40,24665781.90,260766.25,41230.76,24584969.60,24746594.20,640.61,105.77,607.84,673.39,106,569,1700,12159,38696,28.44
parallel-hashmap,balanced,16,100000,compact,40,16730197.35,2066219.02,326697.91,16089869.44,17370525.25,1055.46,1585.25,564.18,1546.73,96,480,1196,8276,11120,53.00
parallel-hashmap,balanced,16,100000,spread,40,15513897.58,1758903.31,278107.03,14968807.79,16058987.36,1285.62,1515.35,816.01,1755.23,99,510,1425,7542,12580,55.20
parallel-hashmap,balanced,1,10000000,compact,40,36538913.15,296083.66,46814.94,36447155.87,36630670.42,56.77,1.60,56.27,57.27,35,128,142,245,282460,27.58
parallel-hashmap,balanced,1,10000000,spread,40,36320237.35,326408.19,51609.67,36219082.40,36421392.30,56.84,1.69,56.31,57.36,34,128,142,243,282368,27.57
parallel-hashmap,balanced,1,1000000,compact,40,54564897.31,577453.66,91303.44,54385942.56,54743852.05,40.45,1.02,40.13,40.77,33,63,72,142,38656,28.41
parallel-hashmap,balanced,1,1000000,spread,40,54519779.82,410529.82,64910.46,54392555.31,54647004.32,40.31,0.95,40.01,40.60,33,63,71,140,38652,28.40
parallel-hashmap,balanced,1,100000,compact,40,73159545.21,1083887.13,171377.60,72823645.11,73495445.31,33.14,0.41,33.02,33.27,30,47,50,65,10068,42.64
parallel-hashmap,balanced,1,100000,spread,40,72793216.52,993262.81,157048.64,72485401.19,73101031.86,33.15,0.60,32.97,33.34,31,47,50,65,10164,42.66
parallel-hashmap,balanced,2,10000000,compact,40,42654145.45,463061.80,73216.50,42510641.11,42797649.79,69.49,2.27,68.78,70.19,47,147,180,302,282392,27.57
parallel-hashmap,balanced,2,10000000,spread,40,43815681.46,177426.19,28053.54,43760696.51,43870666.40,69.44,2.50,68.67,70.22,47,148,178,288,282388,27.57
parallel-hashmap,balanced,2,1000000,compact,40,68356682.76,421016.14,66568.50,68226208.51,68487157.01,51.01,1.23,50.63,51.40,43,79,96,164,38676,28.42
parallel-hashmap,balanced,2,1000000,spread,40,68091847.64,545168.36,86198.69,67922898.22,68260797.07,51.63,1.45,51.18,52.08,44,80,100,164,38676,28.42
parallel-hashmap,balanced,2,100000,compact,40,85950574.37,1168665.06,184782.17,85588401.31,86312747.42,49.06,34.82,38.27,59.85,38,59,72,96,10048,42.68
parallel-hashmap,balanced,2,100000,spread,40,85311521.71,1066383.78,168610.08,84981045.95,85641997.47,49.11,27.77,40.51,57.72,37,59,72,98,10076,42.70
parallel-hashmap,balanced,4,10000000,compact,40,50776050.49,302939.25,47898.90,50682168.64,50869932.34,111.31,3.84,110.12,112.50,72,229,296,476,282404,27.57
parallel-hashmap,balanced,4,10000000,spread,40,50956169.63,461404.70,72954.49,50813178.83,51099160.43,110.28,4.95,108.74,111.82,71,228,296,480,282400,27.57
parallel-hashmap,balanced,4,1000000,compact,40,59166905.20,734723.75,116170.03,58939211.95,59394598.45,98.00,2.30,97.29,98.71,73,182,236,376,38692,28.43
parallel-hashmap,balanced,4,1000000,spread,40,58324736.53,2946846.35,465937.32,57411499.38,59237973.67,98.78,3.50,97.70,99.87,73,185,238,379,38692,28.43
parallel-hashmap,balanced,4,100000,compact,40,58404488.80,1539938.26,243485.62,57927256.99,58881720.61,110.01,84.78,83.74,136.29,68,148,181,280,10192,42.79
parallel-hashmap,balanced,4,100000,spread,40,56717439.97,1356897.43,214544.32,56296933.10,57137946.84,96.02,69.02,74.62,117.41,69,151,188,302,10180,42.79
parallel-hashmap,balanced,8,10000000,compact,40,47517603.02,169644.16,26823.10,47465029.74,47570176.29,203.94,16.40,198.86,209.02,107,412,622,1372,282408,27.57
parallel-hashmap,balanced,8,10000000,spread,40,47276729.62,439305.64,69460.32,47140587.40,47412871.85,206.01,12.29,202.20,209.82,108,403,637,1596,282396,27.57
parallel-hashmap,balanced,8,1000000,compact,40,51299250.80,419431.41,66317.93,51169267.66,51429233.94,184.53,8.34,181.95,187.11,106,364,561,1270,38696,28.43
parallel-hashmap,balanced,8,1000000,spread,40,49805155.72,355257.76,56171.18,49695060.20,49915251.24,188.29,11.09,184.85,191.72,103,358,574,1422,38696,28.44
parallel-hashmap,balanced,8,100000,compact,40,27233093.41,2506810.19,396361.49,26456224.88,28009961.94,290.06,788.96,45.56,534.57,92,279,416,851,10752,45.70
parallel-hashmap,balanced,8,100000,spread,40,29617520.28,2435077.22,385019.51,28862882.04,30372158.53,507.11,774.38,267.13,747.09,94,278,405,854,10836,45.74
parallel-hashmap,insert_only,16,10000000,compact,40,11675199.49,257941.73,40784.17,11595262.52,11755136.46,10739.64,1125.62,10390.80,11088.47,120,618,4568,347680,282408,289.19
parallel-hashmap,insert_only,16,10000000,spread,40,12499404.49,313066.04,49500.09,12402384.32,12596424.67,9222.83,1306.64,8817.90,9627.76,116,560,4230,216162,282392,289.17
parallel-hashmap,insert_only,16,1000000,compact,40,14187399.59,363909.92,57539.21,14074622.74,14300176.44,1010.20,240.13,935.79,1084.62,100,484,2124,22018,38696,39.62
parallel-hashmap,insert_only,16,1000000,spread,40,13662441.52,554534.03,87679.53,13490589.65,13834293.40,1072.74,294.58,981.45,1164.03,94,450,2022,25055,38696,39.62
parallel-hashmap,insert_only,16,100000,compact,40,2454967.32,211561.29,33450.78,2389403.80,2520530.84,4742.82,6629.15,2688.42,6797.21,97,397,1561,26764,103928,99.45
parallel-hashmap,insert_only,16,100000,spread,40,2572862.22,211488.93,33439.34,2507321.12,2638403.32,7117.60,8314.83,4540.81,9694.39,107,604,3166,29830,95782,96.12
parallel-hashmap,insert_only,1,10000000,compact,40,19386972.48,147147.43,23266.05,19341371.02,19432573.94,78.51,13.32,74.39,82.64,41,126,141,438,282368,289.14
parallel-hashmap,insert_only,1,10000000,spread,40,19439043.01,119162.74,18841.28,19402114.10,19475971.93,75.33,4.39,73.97,76.69,42,127,141,434,282368,289.14
parallel-hashmap,insert_only,1,1000000,compact,40,42862867.00,417046.61,65940.86,42733622.92,42992111.09,51.12,1.64,50.61,51.63,42,58,68,154,38652,39.58
parallel-hashmap,insert_only,1,1000000,spread,40,43244044.69,479832.79,75868.23,43095342.96,43392746.41,51.39,1.76,50.85,51.94,42,59,70,163,38656,39.58
parallel-hashmap,insert_only,1,100000,compact,40,35447782.13,1687630.40,266837.80,34924780.05,35970784.21,35.30,1.70,34.78,35.83,31,48,55,122,46256,47.37
parallel-hashmap,insert_only,1,100000,spread,40,35436586.54,1646448.87,260326.42,34926346.75,35946826.33,35.35,1.51,34.88,35.82,31,48,55,121,46252,47.36
parallel-hashmap,insert_only,2,10000000,compact,40,22326296.68,238140.58,37653.33,22252496.15,22400097.21,340.32,16.34,335.26,345.39,52,151,174,428,282392,289.17
parallel-hashmap,insert_only,2,10000000,spread,40,22370470.13,89252.26,14112.02,22342810.57,22398129.69,350.16,21.10,343.62,356.70,52,150,175,518,282388,289.17
parallel-hashmap,insert_only,2,1000000,compact,40,49807571.04,565584.46,89426.76,49632294.60,49982847.48,67.58,7.59,65.23,69.93,49,76,99,184,38680,39.61
parallel-hashmap,insert_only,2,1000000,spread,40,50055405.72,593641.45,93862.95,49871434.33,50239377.11,65.76,3.76,64.60,66.93,49,76,96,186,38680,39.61
parallel-hashmap,insert_only,2,100000,compact,40,33495882.68,1975013.50,312277.05,32883819.66,34107945.71,86.51,113.39,51.36,121.65,38,65,84,148,53348,51.97
parallel-hashmap,insert_only,2,100000,spread,40,33520211.16,2070385.84,327356.74,32878591.94,34161830.38,57.01,40.00,44.62,69.41,38,66,84,150,55064,53.25
parallel-hashmap,insert_only,4,10000000,compact,40,25211220.05,254612.97,40257.84,25132314.67,25290125.42,802.66,103.46,770.59,834.72,107,245,328,835,282384,289.16
parallel-hashmap,insert_only,4,10000000,spread,40,24224164.27,640027.79,101197.28,24025817.60,24422510.93,1024.90,65.49,1004.60,1045.19,113,252,338,951,282408,289.19
parallel-hashmap,insert_only,4,1000000,compact,40,36589716.38,269237.72,42570.22,36506278.75,36673154.01,155.88,8.06,153.38,158.38,101,244,334,982,38692,39.62
parallel-hashmap,insert_only,4,1000000,spread,40,36164951.14,429489.45,67908.24,36031850.98,36298051.30,155.46,7.23,153.22,157.70,102,248,336,992,38692,39.62
parallel-hashmap,insert_only,4,100000,compact,40,13735396.37,932900.73,147504.56,13446287.44,14024505.30,283.01,381.38,164.82,401.20,93,212,275,455,62320,58.73
parallel-hashmap,insert_only,4,100000,spread,40,13022875.14,743098.06,117494.12,12792586.66,13253163.62,324.91,576.13,146.37,503.46,97,228,296,510,57320,56.19
parallel-hashmap,insert_only,8,10000000,compact,40,25233915.39,372076.81,58830.51,25118607.59,25349223.19,3239.55,251.72,3161.54,3317.56,153,532,1007,3798,282408,289.19
parallel-hashmap,insert_only,8,10000000,spread,40,24362015.50,438198.09,69285.20,24226216.50,24497814.49,3237.88,213.69,3171.65,3304.10,165,550,1022,3631,282408,289.19
parallel-hashmap,insert_only,8,1000000,compact,40,30452556.73,559364.52,88443.30,30279207.87,30625905.59,321.51,26.77,313.22,329.81,157,597,1053,3027,38696,39.62
parallel-hashmap,insert_only,8,1000000,spread,40,30864184.08,253763.85,40123.59,30785541.85,30942826.31,308.40,21.85,301.63,315.17,137,535,1047,3302,38688,39.62
parallel-hashmap,insert_only,8,100000,compact,40,4059818.60,507088.14,80177.67,3902670.36,4216966.84,1802.55,2879.52,910.18,2694.92,150,526,818,2148,70296,69.01
parallel-hashmap,insert_only,8,100000,spread,40,3997165.68,396888.08,62753.51,3874168.79,4120162.57,1775.30,4466.50,391.11,3159.48,152,556,876,2122,69576,68.68
parallel-hashmap,random_keys,16,10000000,compact,40,12344769.52,172025.19,27199.57,12291458.36,12398080.68,13360.53,2096.56,12710.80,14010.26,120,620,3751,479507,282404,289.18
parallel-hashmap,random_keys,16,10000000,spread,40,12686111.11,98517.53,15576.99,12655580.21,12716642.01,13616.08,1721.65,13082.53,14149.63,120,592,5292,506444,282384,289.16
parallel-hashmap,random_keys,16,1000000,compact,40,13586282.10,254214.27,40194.81,13507500.28,13665063.92,1243.23,295.08,1151.79,1334.68,101,596,3644,25572,38696,39.62
parallel-hashmap,random_keys,16,1000000,spread,40,13995473.79,297128.67,46980.17,13903392.66,14087554.92,1149.46,189.36,1090.78,1208.14,99,531,3776,25968,38696,39.62
parallel-hashmap,random_keys,16,100000,compact,40,2268963.43,189933.71,30031.16,2210102.37,2327824.50,5673.10,6661.28,3608.75,7737.45,100,424,1862,27726,96170,97.47
parallel-hashmap,random_keys,16,100000,spread,40,2377531.58,199659.25,31568.90,2315656.54,2439406.62,4649.13,6468.07,2644.66,6653.61,105,532,2105,25916,97556,98.21
parallel-hashmap,random_keys,1,10000000,compact,40,18341562.02,99149.22,15676.87,18310835.36,18372288.68,221.20,46.77,206.71,235.70,43,127,141,457,282372,289.15
parallel-hashmap,random_keys,1,10000000,spread,40,18348055.66,98638.97,15596.19,18317487.13,18378624.19,218.47,52.33,202.26,234.69,44,127,141,457,282372,289.15
parallel-hashmap,random_keys,1,1000000,compact,40,47023126.77,522496.39,82613.93,46861203.46,47185050.08,50.91,3.51,49.83,52.00,41,48,52,133,38656,39.58
parallel-hashmap,random_keys,1,1000000,spread,40,47938352.31,404748.37,63996.34,47812919.49,48063785.13,50.90,3.15,49.92,51.88,41,48,52,134,38660,39.59
parallel-hashmap,random_keys,1,100000,compact,40,34929818.22,1744218.55,275785.17,34389279.30,35470357.15,43.82,45.07,29.86,57.79,29,45,54,109,48324,48.08
parallel-hashmap,random_keys,1,100000,spread,40,35055346.26,1816749.28,287253.28,34492329.83,35618362.69,43.32,44.35,29.58,57.07,28,45,55,108,48104,48.05
parallel-hashmap,random_keys,2,10000000,compact,40,21578989.78,217417.24,34376.68,21511611.48,21646368.08,539.19,120.74,501.78,576.61,53,149,174,461,282388,289.17
parallel-hashmap,random_keys,2,10000000,spread,40,21545090.96,116469.99,18415.52,21508996.53,21581185.38,547.99,119.83,510.86,585.12,53,149,174,480,282392,289.17
parallel-hashmap,random_keys,2,1000000,compact,40,51058556.15,356297.41,56335.57,50948138.43,51168973.86,71.56,5.08,69.99,73.13,50,73,89,183,38672,39.60
parallel-hashmap,random_keys,2,1000000,spread,40,51101481.31,444488.12,70279.74,50963733.01,51239229.61,70.25,4.54,68.85,71.66,49,72,89,186,38680,39.61
parallel-hashmap,random_keys,2,100000,compact,40,31546756.58,1655780.33,261801.86,31033624.94,32059888.22,59.85,48.91,44.69,75.00,40,71,87,138,53420,52.30
parallel-hashmap,random_keys,2,100000,spread,40,31547627.78,1596713.86,252462.63,31052801.03,32042454.53,59.75,49.62,44.38,75.13,40,71,86,138,54408,52.05
parallel-hashmap,random_keys,4,10000000,compact,40,23672912.78,171051.20,27045.57,23619903.47,23725922.10,1764.28,319.63,1665.23,1863.34,116,258,355,1171,282400,289.18
parallel-hashmap,random_keys,4,10000000,spread,40,24487018.00,355042.97,56137.22,24376989.04,24597046.95,1724.73,293.49,1633.77,1815.68,115,252,331,710,282432,289.21
parallel-hashmap,random_keys,4,1000000,compact,40,37307935.40,470743.41,74431.07,37162050.51,37453820.30,152.70,6.79,150.59,154.80,98,238,326,962,38692,39.62
parallel-hashmap,random_keys,4,1000000,spread,40,37002809.18,2185640.97,345580.18,36325472.03,37680146.34,152.82,16.39,147.74,157.90,98,234,317,950,38696,39.62
parallel-hashmap,random_keys,4,100000,compact,40,10358942.93,833480.11,131784.78,10100644.77,10617241.10,399.90,611.04,210.53,589.26,92,210,272,458,60532,57.58
parallel-hashmap,random_keys,4,100000,spread,40,12732246.65,605253.76,95699.02,12544676.56,12919816.73,409.37,571.87,232.14,586.59,96,220,285,482,58960,58.41
parallel-hashmap,random_keys,8,10000000,compact,40,23795779.77,762996.08,120640.27,23559324.83,24032234.70,4093.82,979.94,3790.14,4397.51,160,574,1146,4356,282404,289.18
parallel-hashmap,random_keys,8,10000000,spread,40,25079347.99,332234.15,52530.83,24976387.57,25182308.42,3980.62,695.62,3765.04,4196.19,158,532,981,3704,282384,289.16
parallel-hashmap,random_keys,8,1000000,compact,40,30791138.79,469100.15,74171.25,30645763.15,30936514.44,308.10,34.59,297.38,318.82,134,551,1086,3268,38696,39.62
parallel-hashmap,random_keys,8,1000000,spread,40,31318467.47,384284.85,60760.77,31199376.37,31437558.58,311.62,38.76,299.61,323.63,147,558,988,3210,38680,39.61
parallel-hashmap,random_keys,8,100000,compact,40,2684606.93,244067.33,38590.43,2608969.68,2760244.18,2096.99,7696.01,-288.03,4482.00,135,498,859,2497,70958,69.85
parallel-hashmap,random_keys,8,100000,spread,40,3071182.62,231012.50,36526.28,2999591.11,3142774.14,3299.50,7734.61,902.52,5696.48,143,512,870,2369,69416,68.16
parallel-hashmap,read_majority_95,16,10000000,compact,40,76397894.97,782120.59,123664.12,76155513.29,76640276.66,230.04,16.91,224.80,235.28,81,429,768,2555,282408,28.92
parallel-hashmap,read_majority_95,16,10000000,spread,40,75107799.33,554697.52,87705.38,74935896.79,75279701.87,231.20,19.23,225.25,237.16,81,430,792,2642,282392,28.92
parallel-hashmap,read_majority_95,16,1000000,compact,40,79606844.96,506476.20,80080.92,79449886.36,79763803.57,216.36,16.35,211.29,221.43,82,390,716,2506,38700,39.63
parallel-hashmap,read_majority_95,16,1000000,spread,40,64092048.62,535130.40,84611.55,63926209.99,64257887.25,263.46,31.64,253.65,273.26,74,404,924,3740,38700,39.63
parallel-hashmap,read_majority_95,16,100000,compact,40,75202967.75,3174794.95,501979.16,74219088.60,76186846.90,229.81,22.25,222.92,236.71,80,395,770,2816,6060,62.05
parallel-hashmap,read_majority_95,16,100000,spread,40,76892344.16,647354.21,102355.69,76691727.01,77092961.30,228.88,18.94,223.01,234.75,79,380,735,2924,6052,61.97
parallel-hashmap,read_majority_95,1,10000000,compact,40,90667178.07,553855.89,87572.31,90495536.35,90838819.79,28.67,1.15,28.31,29.02,22,22,46,200,282468,28.92
parallel-hashmap,read_majority_95,1,10000000,spread,40,90091917.61,1283566.96,202949.76,89694136.09,90489699.13,28.59,1.23,28.20,28.97,22,22,44,199,282372,28.91
parallel-hashmap,read_majority_95,1,1000000,compact,40,128187142.74,1106737.98,174990.64,127844161.09,128530124.39,24.64,0.70,24.43,24.86,22,22,41,123,38656,39.58
parallel-hashmap,read_majority_95,1,1000000,spread,40,128634118.90,1038555.20,164210.00,128312267.31,128955970.50,24.55,0.48,24.40,24.69,21,22,40,124,38656,39.58
parallel-hashmap,read_majority_95,1,100000,compact,40,164062880.06,2723374.80,430603.36,163218897.47,164906862.65,22.68,0.33,22.58,22.79,22,22,31,52,6012,61.56
parallel-hashmap,read_majority_95,1,100000,spread,40,164609409.10,845063.80,133616.32,164347521.12,164871297.09,22.69,0.48,22.54,22.84,22,22,30,52,6016,61.60
parallel-hashmap,read_majority_95,2,10000000,compact,40,102631821.00,472024.98,74633.70,102485538.94,102778103.05,38.32,1.40,37.88,38.75,27,35,138,229,282384,28.92
parallel-hashmap,read_majority_95,2,10000000,spread,40,102342605.18,1042019.32,164757.72,102019680.05,102665530.32,38.19,1.25,37.81,38.58,28,34,136,227,282392,28.92
parallel-hashmap,read_majority_95,2,1000000,compact,40,140692609.50,615017.32,97242.78,140502013.65,140883205.34,32.40,0.73,32.17,32.63,28,33,67,146,38672,39.60
parallel-hashmap,read_majority_95,2,1000000,spread,40,140906221.92,852188.46,134742.83,140642125.98,141170317.86,32.58,0.89,32.31,32.85,28,33,67,145,38672,39.60
parallel-hashmap,read_majority_95,2,100000,compact,40,169212413.89,1297498.58,205152.54,168810314.91,169614512.86,29.64,0.53,29.48,29.80,28,32,42,75,6040,61.85
parallel-hashmap,read_majority_95,2,100000,spread,40,170613963.61,1563208.94,247165.03,170129520.15,171098407.08,29.49,0.69,29.28,29.70,28,32,42,74,6040,61.85
parallel-hashmap,read_majority_95,4,10000000,compact,40,101713513.53,507381.01,80223.98,101556274.52,101870752.53,66.02,3.16,65.05,67.00,53,124,192,316,282408,28.92
parallel-hashmap,read_majority_95,4,10000000,spread,40,100856976.85,539181.03,85252.01,100689882.92,101024070.79,66.44,3.51,65.35,67.52,57,127,192,311,282408,28.92
parallel-hashmap,read_majority_95,4,1000000,compact,40,112034780.08,1358013.48,214720.78,111613927.34,112455632.82,62.80,1.70,62.28,63.33,60,104,145,224,38692,39.62
parallel-hashmap,read_majority_95,4,1000000,spread,40,118033792.46,1309901.30,207113.58,117627849.85,118439735.08,59.69,1.45,59.24,60.14,54,102,141,230,38692,39.62
parallel-hashmap,read_majority_95,4,100000,compact,40,127966535.66,1632967.80,258194.88,127460473.69,128472597.62,54.13,1.37,53.71,54.56,51,90,123,187,6052,61.97
parallel-hashmap,read_majority_95,4,100000,spread,40,123421759.61,407622.47,64450.77,123295436.10,123548083.12,60.02,1.42,59.58,60.46,60,94,131,188,6048,61.93
parallel-hashmap,read_majority_95,8,10000000,compact,40,107251787.91,1370855.12,216751.23,106826955.51,107676620.32,103.25,5.62,101.51,105.00,66,200,291,528,282412,28.92
parallel-hashmap,read_majority_95,8,10000000,spread,40,109751363.19,1359666.61,214982.17,109329998.14,110172728.24,99.88,5.62,98.14,101.62,64,199,288,499,282408,28.92
parallel-hashmap,read_majority_95,8,1000000,compact,40,119003357.20,1413096.36,223430.15,118565434.10,119441280.30,91.98,3.72,90.82,93.13,63,173,232,404,38700,39.63
parallel-hashmap,read_majority_95,8,1000000,spread,40,119444781.44,1167411.96,184584.04,119082996.73,119806566.16,91.42,3.00,90.49,92.35,63,169,230,404,38696,39.62
parallel-hashmap,read_majority_95,8,100000,compact,40,120681945.74,975433.48,154229.58,120379655.77,120984235.70,92.22,2.53,91.44,93.01,67,170,224,394,6056,62.01
parallel-hashmap,read_majority_95,8,100000,spread,40,118326818.43,1077794.82,170414.32,117992806.36,118660830.51,96.93,3.30,95.91,97.95,71,176,227,396,6056,62.01
parallel-hashmap,read_majority_99,16,10000000,compact,40,87678042.71,826474.08,130677.03,87421915.73,87934169.68,205.05,14.13,200.67,209.43,78,350,672,2376,282424,28.92
parallel-hashmap,read_majority_99,16,10000000,spread,40,95871580.83,591481.12,93521.38,95688278.93,96054882.72,186.25,12.88,182.25,190.24,82,350,605,1722,282404,28.92
parallel-hashmap,read_majority_99,16,1000000,compact,40,68937323.06,458950.77,72566.49,68795092.74,69079553.37,234.27,22.71,227.23,241.30,71,348,893,3148,38696,39.62
parallel-hashmap,read_majority_99,16,1000000,spread,40,68841223.79,571879.69,90422.12,68663996.44,69018451.14,242.73,26.04,234.66,250.80,72,372,900,3354,38692,39.62
parallel-hashmap,read_majority_99,16,100000,compact,40,88572366.84,810432.13,128140.57,88321211.32,88823522.36,203.21,18.04,197.62,208.80,79,356,699,2324,6056,62.01
parallel-hashmap,read_majority_99,16,100000,spread,40,68759564.38,436622.54,69036.09,68624253.65,68894875.11,246.67,29.10,237.65,255.68,72,382,950,3417,6060,62.05
parallel-hashmap,read_majority_99,1,10000000,compact,40,148243798.41,598456.06,94624.21,148058334.95,148429261.86,23.03,0.51,22.88,23.19,22,22,22,49,282368,28.91
parallel-hashmap,read_majority_99,1,10000000,spread,40,152077489.58,584241.15,92376.64,151896431.37,152258547.79,23.01,0.69,22.79,23.22,22,22,22,44,282368,28.91
parallel-hashmap,read_majority_99,1,1000000,compact,40,170690500.07,2082394.28,329255.45,170045159.40,171335840.74,22.24,0.39,22.12,22.36,22,22,22,44,38656,39.58
parallel-hashmap,read_majority_99,1,1000000,spread,40,170755378.70,613788.64,97048.50,170565163.64,170945593.77,22.24,0.28,22.16,22.33,22,22,23,43,38660,39.59
parallel-hashmap,read_majority_99,1,100000,compact,40,180273717.16,1063293.96,168121.54,179944198.95,180603235.38,22.18,1.09,21.84,22.51,22,22,23,42,6016,61.60
parallel-hashmap,read_majority_99,1,100000,spread,40,180639042.26,547377.25,86547.94,180469408.30,180808676.23,22.47,2.19,21.79,23.15,22,22,23,34,6012,61.56
parallel-hashmap,read_majority_99,2,10000000,compact,40,157510305.12,914680.83,144623.74,157226842.59,157793767.65,30.23,0.71,30.01,30.45,28,31,32,140,282392,28.92
parallel-hashmap,read_majority_99,2,10000000,spread,40,157925625.71,700643.86,110781.52,157708493.93,158142757.49,30.45,1.41,30.02,30.89,28,31,32,140,282392,28.92
parallel-hashmap,read_majority_99,2,1000000,compact,40,172004311.51,11128007.10,1759492.41,168555706.38,175452916.64,29.42,2.85,28.53,30.30,28,31,32,75,38752,39.68
parallel-hashmap,read_majority_99,2,1000000,spread,40,174512864.62,677387.80,107104.42,174302939.96,174722789.27,29.12,0.35,29.01,29.23,28,31,32,75,38664,39.59
parallel-hashmap,read_majority_99,2,100000,compact,40,182033731.58,1180977.83,186728.99,181667742.76,182399720.40,28.67,0.39,28.55,28.80,29,31,32,52,6036,61.81
parallel-hashmap,read_majority_99,2,100000,spread,40,182748536.67,385552.42,60961.19,182629052.74,182868020.61,28.56,0.55,28.39,28.73,28,31,32,52,6036,61.81
parallel-hashmap,read_majority_99,4,10000000,compact,40,127303154.01,810829.54,128203.41,127051875.34,127554432.69,56.54,2.59,55.74,57.35,53,84,122,212,282408,28.92
parallel-hashmap,read_majority_99,4,10000000,spread,40,125214778.53,2089502.02,330379.28,124567235.14,125862321.91,58.21,1.63,57.70,58.72,58,85,126,222,282404,28.92
parallel-hashmap,read_majority_99,4,1000000,compact,40,128761130.71,3153344.97,498587.62,127783898.98,129738362.44,57.67,2.78,56.81,58.53,57,86,118,176,38676,39.60
parallel-hashmap,read_majority_99,4,1000000,spread,40,130657241.24,1328131.58,209996.04,130245649.00,131068833.49,56.90,1.53,56.43,57.38,57,84,116,177,38696,39.62
parallel-hashmap,read_majority_99,4,100000,compact,40,131400216.09,1598211.44,252699.42,130904925.24,131895506.95,56.40,1.27,56.01,56.80,55,86,115,169,6052,61.97
parallel-hashmap,read_majority_99,4,100000,spread,40,131169591.08,2283173.24,361001.39,130462028.36,131877153.79,56.95,1.78,56.40,57.50,55,87,114,172,6048,61.93
parallel-hashmap,read_majority_99,8,10000000,compact,40,128754902.21,1397776.53,221007.87,128321726.78,129188077.65,89.80,3.24,88.80,90.80,67,158,207,372,282412,28.92
parallel-hashmap,read_majority_99,8,10000000,spread,40,129458087.77,1110696.51,175616.54,129113879.36,129802296.19,85.90,3.79,84.72,87.07,63,156,210,354,282412,28.92
parallel-hashmap,read_majority_99,8,1000000,compact,40,133616159.19,1161063.77,183580.30,133256341.80,133975976.58,84.67,2.75,83.82,85.52,63,153,199,335,38696,39.62
parallel-hashmap,read_majority_99,8,1000000,spread,40,134999785.81,1494303.12,236270.07,134536696.47,135462875.14,86.54,2.74,85.69,87.39,67,153,189,310,38692,39.62
parallel-hashmap,read_majority_99,8,100000,compact,40,131389544.76,1775228.79,280688.32,130839395.65,131939693.86,87.88,3.63,86.76,89.01,68,157,197,323,6052,61.97
parallel-hashmap,read_majority_99,8,100000,spread,40,127525801.01,1185133.99,187386.14,127158524.18,127893077.84,91.60,3.20,90.61,92.59,70,160,201,338,6056,62.01
parallel-hashmap,read_only,16,10000000,compact,40,66030132.12,481394.00,76115.07,65880946.57,66179317.66,238.14,20.90,231.66,244.61,70,354,835,3351,282408,28.92
parallel-hashmap,read_only,16,10000000,spread,40,92084885.66,3337913.68,527770.49,91050455.49,93119315.82,184.84,14.56,180.33,189.35,80,342,615,1849,282404,28.92
parallel-hashmap,read_only,16,1000000,compact,40,82851887.05,830048.25,131242.15,82594652.43,83109121.67,207.65,20.29,201.36,213.93,78,342,659,2472,38696,39.62
parallel-hashmap,read_only,16,1000000,spread,40,85269494.15,635821.63,100532.23,85072450.99,85466537.32,205.16,11.89,201.47,208.84,80,366,737,2364,38696,39.62
parallel-hashmap,read_only,16,100000,compact,40,65554446.12,392684.07,62088.80,65432752.07,65676140.17,259.03,19.18,253.09,264.98,72,383,977,3817,6056,62.01
parallel-hashmap,read_only,16,100000,spread,40,79803246.29,654472.71,103481.22,79600423.09,80006069.48,214.22,13.60,210.01,218.44,79,388,752,2520,6052,61.97
parallel-hashmap,read_only,1,10000000,compact,40,196766144.30,403986.30,63875.84,196640947.65,196891340.95,20.47,0.29,20.38,20.56,20,21,21,22,282356,28.91
parallel-hashmap,read_only,1,10000000,spread,40,196652680.43,612647.27,96868.04,196462819.07,196842541.78,20.37,0.04,20.36,20.38,20,21,21,22,282372,28.91
parallel-hashmap,read_only,1,1000000,compact,40,196594591.20,2173758.25,343701.36,195920936.53,197268245.86,20.47,0.24,20.39,20.54,20,21,21,22,38660,39.59
parallel-hashmap,read_only,1,1000000,spread,40,197116242.33,360230.37,56957.42,197004605.78,197227878.87,20.41,0.05,20.39,20.42,20,21,21,22,38656,39.58
parallel-hashmap,read_only,1,100000,compact,40,194550610.84,3255440.76,514730.38,193541739.30,195559482.39,20.73,1.05,20.41,21.06,20,21,22,25,5996,61.40
parallel-hashmap,read_only,1,100000,spread,40,195032903.12,3361606.59,531516.67,193991130.44,196074675.79,20.49,0.11,20.46,20.53,20,21,22,25,6016,61.60
parallel-hashmap,read_only,2,10000000,compact,40,191902343.26,795012.10,125702.45,191655966.46,192148720.06,26.89,6.78,24.79,29.00,24,28,29,77,282388,28.92
parallel-hashmap,read_only,2,10000000,spread,40,191999556.54,412445.15,65213.30,191871738.46,192127374.61,25.62,0.23,25.55,25.69,24,28,29,77,282448,28.92
parallel-hashmap,read_only,2,1000000,compact,40,192237854.06,270070.69,42701.93,192154158.28,192321549.83,25.69,0.32,25.59,25.79,24,28,29,77,38676,39.60
parallel-hashmap,read_only,2,1000000,spread,40,192160732.89,587722.04,92927.01,191978595.95,192342869.84,25.70,0.36,25.59,25.81,24,28,29,77,38680,39.61
parallel-hashmap,read_only,2,100000,compact,40,190770950.05,700446.80,110750.36,190553879.34,190988020.76,25.96,0.81,25.71,26.21,24,28,29,77,6040,61.85
parallel-hashmap,read_only,2,100000,spread,40,190251880.64,1044372.58,165129.80,189928226.22,190575535.06,26.22,1.96,25.61,26.83,24,28,29,77,6036,61.81
parallel-hashmap,read_only,4,10000000,compact,40,129465147.99,1569881.95,248220.13,128978636.54,129951659.45,53.28,1.13,52.93,53.64,53,83,109,154,282404,28.92
parallel-hashmap,read_only,4,10000000,spread,40,128457234.44,506820.45,80135.35,128300169.16,128614299.73,53.48,1.77,52.93,54.02,52,84,109,162,282384,28.92
parallel-hashmap,read_only,4,1000000,compact,40,129373901.62,658142.41,104061.45,129169941.17,129577862.07,53.80,1.13,53.45,54.15,53,84,110,156,38696,39.62
parallel-hashmap,read_only,4,1000000,spread,40,122316499.26,6819165.29,1078204.70,120203218.04,124429780.47,56.49,2.86,55.60,57.38,57,85,117,159,38676,39.60
parallel-hashmap,read_only,4,100000,compact,40,120403562.91,1326034.77,209664.51,119992620.47,120814505.34,56.78,1.36,56.36,57.20,58,85,119,162,6052,61.97
parallel-hashmap,read_only,4,100000,spread,40,123675005.20,2580162.58,407959.52,122875404.53,124474605.86,56.56,1.27,56.16,56.95,58,83,116,156,6044,61.89
parallel-hashmap,read_only,8,10000000,compact,40,132351958.41,605437.76,95728.11,132164331.30,132539585.51,81.18,1.87,80.59,81.76,64,144,181,288,282408,28.92
parallel-hashmap,read_only,8,10000000,spread,40,129212700.92,714220.14,112928.12,128991361.80,129434040.03,82.13,2.18,81.46,82.81,63,145,183,300,282408,28.92
parallel-hashmap,read_only,8,1000000,compact,40,124780785.75,943212.60,149135.01,124488481.13,125073090.36,84.32,2.16,83.65,85.00,64,149,189,324,38700,39.63
parallel-hashmap,read_only,8,1000000,spread,40,131405900.20,1025891.17,162207.64,131087973.23,131723827.16,82.33,2.41,81.58,83.08,64,145,181,294,38692,39.62
parallel-hashmap,read_only,8,100000,compact,40,124068528.26,934371.93,147737.17,123778963.40,124358093.12,84.10,2.60,83.30,84.91,63,154,200,324,6040,61.85
parallel-hashmap,read_only,8,100000,spread,40,122801946.48,2045176.48,323370.79,122168139.72,123435753.24,85.44,3.73,84.28,86.59,63,156,200,338,6040,61.85
parallel-hashmap,resize_stress,16,10000000,compact,40,2387344.04,191259.48,30240.78,2328072.11,2446615.97,5097.93,8090.73,2590.59,7605.27,97,402,1273,25829,106334,101.75
parallel-hashmap,resize_stress,16,10000000,spread,40,2391797.49,165011.86,26090.67,2340659.78,2442935.19,7783.88,9882.13,4721.38,10846.38,106,582,2762,28410,105308,106.39
parallel-hashmap,resize_stress,16,1000000,compact,40,2422444.29,205920.30,32558.86,2358628.92,2486259.65,7603.55,9032.30,4804.41,10402.69,97,398,1269,26924,104120,101.44
parallel-hashmap,resize_stress,16,1000000,spread,40,2340920.56,186843.32,29542.52,2283017.21,2398823.90,5216.89,7301.69,2954.07,7479.71,99,442,1648,27634,113644,103.55
parallel-hashmap,resize_stress,16,100000,compact,40,2365886.58,166060.47,26256.47,2314423.90,2417349.25,5317.76,7757.60,2913.65,7721.87,101,447,1338,24062,98968,95.94
parallel-hashmap,resize_stress,16,100000,spread,40,2456973.03,191443.12,30269.81,2397644.20,2516301.87,4821.16,5068.48,3250.42,6391.89,100,459,1930,28669,106172,101.66
parallel-hashmap,resize_stress,1,10000000,compact,40,35308441.74,1648846.40,260705.51,34797458.95,35819424.54,35.47,2.78,34.61,36.33,32,49,54,115,43524,44.57
parallel-hashmap,resize_stress,1,10000000,spread,40,35201203.39,1668150.94,263757.82,34684238.05,35718168.72,35.28,1.30,34.87,35.68,32,49,54,116,43528,44.57
parallel-hashmap,resize_stress,1,1000000,compact,40,35147054.20,1611840.35,254854.34,34647539.70,35646568.70,35.52,1.62,35.02,36.02,32,49,55,117,43508,44.55
parallel-hashmap,resize_stress,1,1000000,spread,40,35297191.89,1687166.69,266764.48,34774333.52,35820050.27,35.52,1.22,35.15,35.90,32,49,55,118,43524,44.57
parallel-hashmap,resize_stress,1,100000,compact,40,35306814.03,1684635.33,266364.23,34784740.14,35828887.93,35.47,1.40,35.03,35.90,32,49,55,117,43520,44.56
parallel-hashmap,resize_stress,1,100000,spread,40,35314719.87,1704839.41,269558.78,34786384.66,35843055.07,35.42,1.72,34.89,35.95,32,49,55,118,43528,44.57
parallel-hashmap,resize_stress,2,10000000,compact,40,32890363.89,1953739.02,308913.26,32284893.90,33495833.89,122.10,248.62,45.06,199.15,39,65,82,146,53538,51.06
parallel-hashmap,resize_stress,2,10000000,spread,40,32894896.55,2035251.23,321801.47,32264165.66,33525627.44,117.69,215.38,50.94,184.43,38,65,82,148,55528,51.52
parallel-hashmap,resize_stress,2,1000000,compact,40,32670415.67,1808462.83,285943.08,32109967.23,33230864.11,120.29,198.84,58.67,181.91,39,64,82,146,51320,50.22
parallel-hashmap,resize_stress,2,1000000,spread,40,32754546.27,1807821.05,285841.61,32194296.72,33314795.82,108.92,149.25,62.67,155.17,39,64,82,147,54508,52.46
parallel-hashmap,resize_stress,2,100000,compact,40,32991302.99,1750144.79,276722.19,32448927.50,33533678.48,76.38,85.60,49.85,102.90,38,64,82,148,52740,50.68
parallel-hashmap,resize_stress,2,100000,spread,40,32603307.56,1946448.23,307760.49,32000097.00,33206518.11,73.58,75.61,50.15,97.02,39,66,84,147,53792,51.73
parallel-hashmap,resize_stress,4,10000000,compact,40,13305727.36,752020.14,118904.82,13072673.91,13538780.82,324.37,575.41,146.05,502.70,97,227,303,528,60048,59.16
parallel-hashmap,resize_stress,4,10000000,spread,40,13363022.10,784539.34,124046.56,13119890.84,13606153.36,287.25,397.71,163.99,410.50,96,225,293,518,59408,55.22
parallel-hashmap,resize_stress,4,1000000,compact,40,11906727.67,1038046.90,164129.63,11585033.60,12228421.73,259.63,367.03,145.89,373.37,93,212,273,461,58324,57.05
parallel-hashmap,resize_stress,4,1000000,spread,40,12027462.77,1051470.95,166252.15,11701608.55,12353316.99,539.26,1281.25,142.19,936.32,90,209,270,459,55936,55.26
parallel-hashmap,resize_stress,4,100000,compact,40,12801103.39,877233.92,138702.86,12529245.79,13072961.00,336.42,537.23,169.93,502.91,94,220,285,492,62748,59.59
parallel-hashmap,resize_stress,4,100000,spread,40,12476515.65,1066114.12,168567.44,12146123.46,12806907.84,351.60,531.34,186.94,516.26,92,209,273,463,61008,55.91
parallel-hashmap,resize_stress,8,10000000,compact,40,3188996.06,375766.65,59413.92,3072544.77,3305447.35,2489.70,6030.21,620.92,4358.48,144,537,878,2653,73744,65.22
parallel-hashmap,resize_stress,8,10000000,spread,40,3624377.11,371402.03,58723.82,3509278.43,3739475.79,2082.51,3880.74,879.85,3285.16,148,536,876,2424,71480,67.05
parallel-hashmap,resize_stress,8,1000000,compact,40,3392371.00,375945.26,59442.16,3275864.36,3508877.64,1475.78,3436.69,410.74,2540.82,136,499,876,2622,67278,65.97
parallel-hashmap,resize_stress,8,1000000,spread,40,3354460.01,537030.28,84911.94,3188032.60,3520887.42,1656.91,3072.79,704.64,2609.17,133,484,854,2814,73952,67.21
parallel-hashmap,resize_stress,8,100000,compact,40,3442710.39,427439.54,67584.13,3310245.50,3575175.27,3893.16,9347.41,996.37,6789.95,134,476,842,2484,69876,65.92
parallel-hashmap,resize_stress,8,100000,spread,40,3992480.35,457928.34,72404.83,3850566.89,4134393.81,2246.91,4702.69,789.54,3704.29,150,528,858,2140,67896,67.19
parallel-hashmap,sequential_keys,16,10000000,compact,40,12941141.95,136879.88,21642.61,12898722.43,12983561.46,8913.01,966.08,8613.62,9212.40,120,650,4159,131498,282408,289.19
parallel-hashmap,sequential_keys,16,10000000,spread,40,11906187.96,273118.46,43183.82,11821547.67,11990828.25,9149.56,949.11,8855.43,9443.70,120,730,5612,234000,282392,289.17
parallel-hashmap,sequential_keys,16,1000000,compact,40,13023507.44,411533.23,65069.12,12895971.97,13151042.91,994.24,251.90,916.18,1072.31,97,464,2010,22000,38696,39.62
parallel-hashmap,sequential_keys,16,1000000,spread,40,14495548.20,253964.64,40155.33,14416843.74,14574252.65,1015.92,197.35,954.76,1077.08,98,527,2824,22312,38680,39.61
parallel-hashmap,sequential_keys,16,100000,compact,40,2644704.30,199447.29,31535.39,2582894.95,2706513.66,3937.04,6112.12,2042.87,5831.20,95,385,1148,23078,108208,102.59
parallel-hashmap,sequential_keys,16,100000,spread,40,2570374.46,243158.23,38446.69,2495018.95,2645729.98,5133.48,7100.67,2932.96,7334.01,98,420,1810,24999,103476,99.45
parallel-hashmap,sequential_keys,1,10000000,compact,40,19659397.38,134298.90,21234.52,19617777.72,19701017.04,75.07,1.80,74.51,75.63,43,128,141,382,282368,289.14
parallel-hashmap,sequential_keys,1,10000000,spread,40,19486644.66,72738.52,11500.97,19464102.76,19509186.57,74.05,1.86,73.47,74.63,41,127,142,419,282364,289.14
parallel-hashmap,sequential_keys,1,1000000,compact,40,43318176.91,372016.15,58820.92,43202887.91,43433465.91,51.45,2.03,50.82,52.08,42,59,69,154,38656,39.58
parallel-hashmap,sequential_keys,1,1000000,spread,40,43154020.17,475195.44,75135.00,43006755.58,43301284.76,53.99,11.45,50.44,57.54,42,59,69,167,38656,39.58
parallel-hashmap,sequential_keys,1,100000,compact,40,35577960.15,1742923.83,275580.45,35037822.46,36118097.84,35.71,5.56,33.99,37.43,30,48,54,121,46256,47.37
parallel-hashmap,sequential_keys,1,100000,spread,40,35564991.60,1737378.22,274703.62,35026572.51,36103410.69,35.40,1.27,35.01,35.79,31,49,54,122,46248,47.36
parallel-hashmap,sequential_keys,2,10000000,compact,40,22366837.03,134826.95,21318.01,22325053.73,22408620.34,338.48,13.01,334.45,342.52,51,150,176,446,282392,289.17
parallel-hashmap,sequential_keys,2,10000000,spread,40,22286540.98,144589.47,22861.60,22241732.24,22331349.72,355.12,13.44,350.96,359.29,50,147,172,522,282388,289.17
parallel-hashmap,sequential_keys,2,1000000,compact,40,49864769.41,437308.34,69144.52,49729246.15,50000292.67,66.41,2.27,65.71,67.11,49,76,96,192,38680,39.61
parallel-hashmap,sequential_keys,2,1000000,spread,40,48950526.02,2930450.19,463344.86,48042370.10,49858681.94,66.82,6.28,64.87,68.76,49,78,100,190,38680,39.61
parallel-hashmap,sequential_keys,2,100000,compact,40,33270892.48,1713349.42,270904.33,32739919.99,33801864.96,85.31,157.51,36.49,134.12,39,65,83,147,56564,54.44
parallel-hashmap,sequential_keys,2,100000,spread,40,33623522.49,2105937.96,332978.03,32970885.56,34276159.43,72.01,71.68,49.80,94.22,39,67,87,152,55652,52.23
parallel-hashmap,sequential_keys,4,10000000,compact,40,23712875.27,146209.43,23117.74,23667564.50,23758186.04,1029.97,39.19,1017.82,1042.11,116,258,360,1210,282404,289.18
parallel-hashmap,sequential_keys,4,10000000,spread,40,23935572.38,1007481.02,159296.74,23623350.78,24247793.98,1021.05,44.24,1007.34,1034.76,115,255,348,1180,282400,289.18
parallel-hashmap,sequential_keys,4,1000000,compact,40,38707055.69,159042.14,25146.77,38657768.02,38756343.36,147.89,8.57,145.23,150.55,97,229,306,916,38692,39.62
parallel-hashmap,sequential_keys,4,1000000,spread,40,36987373.81,571442.21,90352.95,36810282.03,37164465.58,152.69,5.63,150.94,154.43,102,245,330,1020,38692,39.62
parallel-hashmap,sequential_keys,4,100000,compact,40,12145651.11,1343572.00,212437.39,11729273.83,12562028.38,231.44,326.50,130.25,332.62,91,208,267,461,60574,59.38
parallel-hashmap,sequential_keys,4,100000,spread,40,12858348.29,928701.72,146840.63,12570540.64,13146155.93,283.60,565.48,108.36,458.84,91,208,270,460,59628,56.86
parallel-hashmap,sequential_keys,8,10000000,compact,40,24405460.24,314440.43,49717.40,24308014.14,24502906.34,3191.47,221.99,3122.67,3260.27,161,559,1034,3836,282408,289.19
parallel-hashmap,sequential_keys,8,10000000,spread,40,24698992.51,320080.06,50609.10,24599798.67,24798186.35,3174.95,310.84,3078.62,3271.28,157,551,1048,3609,282404,289.18
parallel-hashmap,sequential_keys,8,1000000,compact,40,30417286.88,272817.20,43136.19,30332739.96,30501833.81,302.68,12.05,298.94,306.41,158,578,971,2682,38700,39.63
parallel-hashmap,sequential_keys,8,1000000,spread,40,31354950.97,516036.82,81592.59,31195029.50,31514872.44,304.57,20.07,298.35,310.79,141,520,997,3343,38692,39.62
parallel-hashmap,sequential_keys,8,100000,compact,40,3952480.23,367872.59,58165.76,3838475.33,4066485.12,1303.61,2856.72,418.30,2188.91,148,518,808,2136,72804,70.88
parallel-hashmap,sequential_keys,8,100000,spread,40,4241610.52,418600.54,66186.56,4111884.87,4371336.18,1743.57,3032.46,803.80,2683.34,153,535,851,2054,70572,67.26
parallel-hashmap,zipfian,16,10000000,compact,40,60396303.69,453350.13,71680.95,60255809.03,60536798.36,249.24,17.41,243.84,254.63,122,404,689,2498,282540,28.93
parallel-hashmap,zipfian,16,10000000,spread,40,49108910.98,642264.14,101550.88,48909871.26,49307950.70,293.39,23.09,286.23,300.54,117,454,870,3470,282548,28.93
parallel-hashmap,zipfian,16,1000000,compact,40,38361241.21,278484.16,44032.21,38274938.07,38447544.34,372.31,42.84,359.04,385.59,110,471,1271,5608,38904,39.84
parallel-hashmap,zipfian,16,1000000,spread,40,46502309.38,428976.03,67827.07,46369368.33,46635250.43,319.45,29.33,310.36,328.54,114,444,1024,4266,38900,39.83
parallel-hashmap,zipfian,16,100000,compact,40,46567197.33,299033.19,47281.30,46474525.99,46659868.68,328.37,25.91,320.34,336.40,114,461,1179,4276,6260,64.10
parallel-hashmap,zipfian,16,100000,spread,40,41173625.34,294276.52,46529.20,41082428.10,41264822.57,373.71,44.44,359.94,387.48,110,492,1410,5323,6264,64.14
parallel-hashmap,zipfian,1,10000000,compact,40,30482862.76,59608.48,9424.93,30464389.90,30501335.62,57.67,1.20,57.30,58.04,50,53,136,222,282568,28.93
parallel-hashmap,zipfian,1,10000000,spread,40,30395231.69,65460.71,10350.25,30374945.21,30415518.17,57.81,2.63,57.00,58.63,50,53,130,220,282568,28.93
parallel-hashmap,zipfian,1,1000000,compact,40,34148480.23,249336.01,39423.48,34071210.20,34225750.26,53.35,1.10,53.01,53.69,50,53,68,143,38884,39.82
parallel-hashmap,zipfian,1,1000000,spread,40,34141360.79,103628.15,16385.05,34109246.09,34173475.48,53.26,0.74,53.03,53.49,50,53,68,144,38856,39.79
parallel-hashmap,zipfian,1,100000,compact,40,35443985.71,256119.77,40496.09,35364613.37,35523358.05,50.82,0.80,50.58,51.07,50,53,56,73,6184,63.32
parallel-hashmap,zipfian,1,100000,spread,40,35395044.22,71665.13,11331.25,35372834.96,35417253.47,50.79,1.14,50.43,51.14,50,53,55,74,6200,63.49
parallel-hashmap,zipfian,2,10000000,compact,40,38096661.99,244558.83,38668.15,38020872.42,38172451.55,70.96,1.71,70.43,71.49,60,79,159,249,282588,28.94
parallel-hashmap,zipfian,2,10000000,spread,40,38201928.61,187547.31,29653.83,38143807.10,38260050.13,70.52,1.59,70.02,71.01,59,78,159,250,282576,28.94
parallel-hashmap,zipfian,2,1000000,compact,40,41468317.24,83977.08,13277.94,41442292.48,41494342.01,66.79,1.38,66.36,67.21,60,78,98,171,38876,39.81
parallel-hashmap,zipfian,2,1000000,spread,40,41248623.02,1333765.17,210886.79,40835284.91,41661961.13,67.31,4.77,65.84,68.79,60,77,97,170,38840,39.77
parallel-hashmap,zipfian,2,100000,compact,40,43084703.35,38842.36,6141.52,43072665.98,43096740.72,64.39,1.28,63.99,64.78,61,76,83,116,6232,63.82
parallel-hashmap,zipfian,2,100000,spread,40,43158233.69,34192.78,5406.35,43147637.24,43168830.14,64.04,1.02,63.72,64.35,61,75,82,115,6220,63.69
parallel-hashmap,zipfian,4,10000000,compact,40,38651124.18,131285.95,20758.13,38610438.25,38691810.12,107.06,2.98,106.13,107.98,89,166,207,350,282600,28.94
parallel-hashmap,zipfian,4,10000000,spread,40,40150233.87,114719.69,18138.78,40114681.87,40185785.87,106.57,4.62,105.13,108.00,90,156,206,351,282608,28.94
parallel-hashmap,zipfian,4,1000000,compact,40,39218269.18,418328.13,66143.49,39088627.95,39347910.41,103.82,2.32,103.10,104.54,92,155,180,250,38852,39.78
parallel-hashmap,zipfian,4,1000000,spread,40,35967389.12,196269.65,31032.96,35906564.53,36028213.72,113.51,4.47,112.12,114.89,105,173,188,266,38832,39.76
parallel-hashmap,zipfian,4,100000,compact,40,43804008.32,311009.97,49174.99,43707625.33,43900391.31,93.52,1.56,93.03,94.00,85,153,174,228,6252,64.02
parallel-hashmap,zipfian,4,100000,spread,40,35152179.30,473373.73,74846.96,35005479.26,35298879.34,114.61,4.18,113.31,115.90,110,176,192,241,6256,64.06
parallel-hashmap,zipfian,8,10000000,compact,40,61805629.52,523770.11,82815.33,61643311.48,61967947.56,132.94,4.29,131.61,134.27,106,215,288,510,282608,28.94
parallel-hashmap,zipfian,8,10000000,spread,40,66758840.19,428499.00,67751.64,66626046.97,66891633.40,126.73,6.23,124.79,128.66,98,204,282,486,282608,28.94
parallel-hashmap,zipfian,8,1000000,compact,40,68838904.36,518931.92,82050.34,68678085.69,68999723.03,123.07,5.37,121.40,124.74,103,178,228,420,38896,39.83
parallel-hashmap,zipfian,8,1000000,spread,40,63135084.14,532713.17,84229.35,62969994.62,63300173.66,130.23,15.20,125.52,134.94,110,190,232,400,38892,39.83
parallel-hashmap,zipfian,8,100000,compact,40,64105421.95,389411.34,61571.34,63984742.12,64226101.78,124.81,2.72,123.96,125.65,111,190,224,367,6216,63.65
parallel-hashmap,zipfian,8,100000,spread,40,68096764.97,773919.67,122367.44,67856924.78,68336605.16,123.43,2.93,122.52,124.34,107,183,221,376,6260,64.10
